quarter,industry,investment,pm_share_net,pm_share_gross,is_manufacturing,regime,npv,r,discrete,log_investment,treat
2015Q1,"Agriculture, forestry and fishing",1418,0.4855713359511664,0.4000798606387973,False,pre,0.148695652173913,0.05,False,7.257002707092073,0.0722023464762169
2015Q2,"Agriculture, forestry and fishing",1449,0.4855713359511664,0.4000798606387973,False,pre,0.148695652173913,0.05,False,7.278628942320682,0.0722023464762169
2015Q3,"Agriculture, forestry and fishing",1441,0.4855713359511664,0.4000798606387973,False,pre,0.148695652173913,0.05,False,7.273092595999522,0.0722023464762169
2015Q4,"Agriculture, forestry and fishing",1478,0.4855713359511664,0.4000798606387973,False,pre,0.148695652173913,0.05,False,7.298445101508147,0.0722023464762169
2016Q1,"Agriculture, forestry and fishing",1542,0.4855713359511664,0.4000798606387973,False,pre,0.148695652173913,0.05,False,7.340835554123275,0.0722023464762169
2016Q2,"Agriculture, forestry and fishing",1518,0.4855713359511664,0.4000798606387973,False,pre,0.148695652173913,0.05,False,7.325148957955575,0.0722023464762169
2016Q3,"Agriculture, forestry and fishing",1661,0.4855713359511664,0.4000798606387973,False,pre,0.148695652173913,0.05,False,7.415175109613295,0.0722023464762169
2016Q4,"Agriculture, forestry and fishing",1593,0.4855713359511664,0.4000798606387973,False,pre,0.148695652173913,0.05,False,7.373374309910049,0.0722023464762169
2017Q1,"Agriculture, forestry and fishing",1682,0.4855713359511664,0.4000798606387973,False,pre,0.148695652173913,0.05,False,7.427738840532894,0.0722023464762169
2017Q2,"Agriculture, forestry and fishing",1744,0.4855713359511664,0.4000798606387973,False,pre,0.148695652173913,0.05,False,7.463936604468925,0.0722023464762169
2017Q3,"Agriculture, forestry and fishing",1687,0.4855713359511664,0.4000798606387973,False,pre,0.148695652173913,0.05,False,7.430707082545968,0.0722023464762169
2017Q4,"Agriculture, forestry and fishing",1693,0.4855713359511664,0.4000798606387973,False,pre,0.148695652173913,0.05,False,7.4342573821331355,0.0722023464762169
2018Q1,"Agriculture, forestry and fishing",1651,0.4855713359511664,0.4000798606387973,False,pre,0.148695652173913,0.05,False,7.409136443920128,0.0722023464762169
2018Q2,"Agriculture, forestry and fishing",1629,0.4855713359511664,0.4000798606387973,False,pre,0.148695652173913,0.05,False,7.395721608602045,0.0722023464762169
2018Q3,"Agriculture, forestry and fishing",1701,0.4855713359511664,0.4000798606387973,False,pre,0.148695652173913,0.05,False,7.438971592395862,0.0722023464762169
2018Q4,"Agriculture, forestry and fishing",1707,0.4855713359511664,0.4000798606387973,False,pre,0.148695652173913,0.05,False,7.442492722794441,0.0722023464762169
2019Q1,"Agriculture, forestry and fishing",1689,0.4855713359511664,0.4000798606387973,False,pre,0.148695652173913,0.05,False,7.4318919168078,0.0722023464762169
2019Q2,"Agriculture, forestry and fishing",1687,0.4855713359511664,0.4000798606387973,False,pre,0.148695652173913,0.05,False,7.430707082545968,0.0722023464762169
2019Q3,"Agriculture, forestry and fishing",1690,0.4855713359511664,0.4000798606387973,False,pre,0.148695652173913,0.05,False,7.432483807917119,0.0722023464762169
2019Q4,"Agriculture, forestry and fishing",1614,0.4855713359511664,0.4000798606387973,False,pre,0.148695652173913,0.05,False,7.3864708488298945,0.0722023464762169
2020Q1,"Agriculture, forestry and fishing",1657,0.4855713359511664,0.4000798606387973,False,pre,0.148695652173913,0.05,False,7.4127640174265625,0.0722023464762169
2021Q1,"Agriculture, forestry and fishing",1838,0.4855713359511664,0.4000798606387973,False,pre,0.148695652173913,0.05,False,7.516433302915632,0.0722023464762169
2021Q2,"Agriculture, forestry and fishing",1817,0.4855713359511664,0.4000798606387973,False,super_deduction,0.247,0.05,False,7.504942068396171,0.1199361199799381
2021Q3,"Agriculture, forestry and fishing",1842,0.4855713359511664,0.4000798606387973,False,super_deduction,0.247,0.05,False,7.518607216815252,0.1199361199799381
2021Q4,"Agriculture, forestry and fishing",1904,0.4855713359511664,0.4000798606387973,False,super_deduction,0.247,0.05,False,7.55171221535131,0.1199361199799381
2022Q1,"Agriculture, forestry and fishing",1864,0.4855713359511664,0.4000798606387973,False,super_deduction,0.247,0.05,False,7.530479995245536,0.1199361199799381
2022Q2,"Agriculture, forestry and fishing",1831,0.4855713359511664,0.4000798606387973,False,super_deduction,0.247,0.05,False,7.5126175446745105,0.1199361199799381
2022Q3,"Agriculture, forestry and fishing",1718,0.4855713359511664,0.4000798606387973,False,super_deduction,0.247,0.05,False,7.4489161025442,0.1199361199799381
2022Q4,"Agriculture, forestry and fishing",1592,0.4855713359511664,0.4000798606387973,False,super_deduction,0.247,0.05,False,7.3727463664043285,0.1199361199799381
2023Q1,"Agriculture, forestry and fishing",1581,0.4855713359511664,0.4000798606387973,False,super_deduction,0.247,0.05,False,7.365812837209472,0.1199361199799381
2023Q2,"Agriculture, forestry and fishing",1566,0.4855713359511664,0.4000798606387973,False,full_expensing,0.25,0.05,False,7.356279876550748,0.1213928339877916
2023Q3,"Agriculture, forestry and fishing",1556,0.4855713359511664,0.4000798606387973,False,full_expensing,0.25,0.05,False,7.349873704738337,0.1213928339877916
2023Q4,"Agriculture, forestry and fishing",1515,0.4855713359511664,0.4000798606387973,False,full_expensing,0.25,0.05,False,7.323170717943469,0.1213928339877916
2024Q1,"Agriculture, forestry and fishing",1445,0.4855713359511664,0.4000798606387973,False,full_expensing,0.25,0.05,False,7.275864600546533,0.1213928339877916
2024Q2,"Agriculture, forestry and fishing",1447,0.4855713359511664,0.4000798606387973,False,full_expensing,0.25,0.05,False,7.277247726631484,0.1213928339877916
2024Q3,"Agriculture, forestry and fishing",1439,0.4855713359511664,0.4000798606387973,False,full_expensing,0.25,0.05,False,7.271703706887368,0.1213928339877916
2024Q4,"Agriculture, forestry and fishing",1444,0.4855713359511664,0.4000798606387973,False,full_expensing,0.25,0.05,False,7.275172319452771,0.1213928339877916
2025Q1,"Agriculture, forestry and fishing",1533,0.4855713359511664,0.4000798606387973,False,full_expensing,0.25,0.05,False,7.334981878871814,0.1213928339877916
2025Q2,"Agriculture, forestry and fishing",1424,0.4855713359511664,0.4000798606387973,False,full_expensing,0.25,0.05,False,7.261225091971921,0.1213928339877916
2025Q3,"Agriculture, forestry and fishing",1259,0.4855713359511664,0.4000798606387973,False,full_expensing,0.25,0.05,False,7.138073034044347,0.1213928339877916
2025Q4,"Agriculture, forestry and fishing",1472,0.4855713359511664,0.4000798606387973,False,full_expensing,0.25,0.05,False,7.294377299288821,0.1213928339877916
2026Q1,"Agriculture, forestry and fishing",1403,0.4855713359511664,0.4000798606387973,False,full_expensing,0.25,0.05,False,7.246368080102461,0.1213928339877916
2015Q1,Chemicals and man made fibres,1236,0.3424998111734937,0.4612525641296761,True,pre,0.148695652173913,0.05,False,7.119635638017636,0.0509282327918847
2015Q2,Chemicals and man made fibres,1242,0.3424998111734937,0.4612525641296761,True,pre,0.148695652173913,0.05,False,7.124478262493424,0.0509282327918847
2015Q3,Chemicals and man made fibres,1281,0.3424998111734937,0.4612525641296761,True,pre,0.148695652173913,0.05,False,7.155396301896734,0.0509282327918847
2015Q4,Chemicals and man made fibres,1263,0.3424998111734937,0.4612525641296761,True,pre,0.148695652173913,0.05,False,7.141245122350491,0.0509282327918847
2016Q1,Chemicals and man made fibres,1255,0.3424998111734937,0.4612525641296761,True,pre,0.148695652173913,0.05,False,7.134890851565884,0.0509282327918847
2016Q2,Chemicals and man made fibres,1399,0.3424998111734937,0.4612525641296761,True,pre,0.148695652173913,0.05,False,7.243512974665482,0.0509282327918847
2016Q3,Chemicals and man made fibres,1291,0.3424998111734937,0.4612525641296761,True,pre,0.148695652173913,0.05,False,7.1631723908466425,0.0509282327918847
2016Q4,Chemicals and man made fibres,1334,0.3424998111734937,0.4612525641296761,True,pre,0.148695652173913,0.05,False,7.195937226475569,0.0509282327918847
2017Q1,Chemicals and man made fibres,1487,0.3424998111734937,0.4612525641296761,True,pre,0.148695652173913,0.05,False,7.304515946460155,0.0509282327918847
2017Q2,Chemicals and man made fibres,1503,0.3424998111734937,0.4612525641296761,True,pre,0.148695652173913,0.05,False,7.315218389752975,0.0509282327918847
2017Q3,Chemicals and man made fibres,1587,0.3424998111734937,0.4612525641296761,True,pre,0.148695652173913,0.05,False,7.369600720526409,0.0509282327918847
2017Q4,Chemicals and man made fibres,1726,0.3424998111734937,0.4612525641296761,True,pre,0.148695652173913,0.05,False,7.453561871643373,0.0509282327918847
2018Q1,Chemicals and man made fibres,1746,0.3424998111734937,0.4612525641296761,True,pre,0.148695652173913,0.05,False,7.465082736399547,0.0509282327918847
2018Q2,Chemicals and man made fibres,1813,0.3424998111734937,0.4612525641296761,True,pre,0.148695652173913,0.05,False,7.502738210754851,0.0509282327918847
2018Q3,Chemicals and man made fibres,1866,0.3424998111734937,0.4612525641296761,True,pre,0.148695652173913,0.05,False,7.531552381407289,0.0509282327918847
2018Q4,Chemicals and man made fibres,1979,0.3424998111734937,0.4612525641296761,True,pre,0.148695652173913,0.05,False,7.590346945602565,0.0509282327918847
2019Q1,Chemicals and man made fibres,1714,0.3424998111734937,0.4612525641296761,True,pre,0.148695652173913,0.05,False,7.446585099157725,0.0509282327918847
2019Q2,Chemicals and man made fibres,1707,0.3424998111734937,0.4612525641296761,True,pre,0.148695652173913,0.05,False,7.442492722794441,0.0509282327918847
2019Q3,Chemicals and man made fibres,1693,0.3424998111734937,0.4612525641296761,True,pre,0.148695652173913,0.05,False,7.4342573821331355,0.0509282327918847
2019Q4,Chemicals and man made fibres,1662,0.3424998111734937,0.4612525641296761,True,pre,0.148695652173913,0.05,False,7.415776975415394,0.0509282327918847
2020Q1,Chemicals and man made fibres,1681,0.3424998111734937,0.4612525641296761,True,pre,0.148695652173913,0.05,False,7.427144133408616,0.0509282327918847
2021Q1,Chemicals and man made fibres,2040,0.3424998111734937,0.4612525641296761,True,pre,0.148695652173913,0.05,False,7.620705086838262,0.0509282327918847
2021Q2,Chemicals and man made fibres,2068,0.3424998111734937,0.4612525641296761,True,super_deduction,0.247,0.05,False,7.63433723562832,0.08459745335985294
2021Q3,Chemicals and man made fibres,2213,0.3424998111734937,0.4612525641296761,True,super_deduction,0.247,0.05,False,7.70210434005105,0.08459745335985294
2021Q4,Chemicals and man made fibres,2133,0.3424998111734937,0.4612525641296761,True,super_deduction,0.247,0.05,False,7.665284718471351,0.08459745335985294
2022Q1,Chemicals and man made fibres,2113,0.3424998111734937,0.4612525641296761,True,super_deduction,0.247,0.05,False,7.655864017616056,0.08459745335985294
2022Q2,Chemicals and man made fibres,2116,0.3424998111734937,0.4612525641296761,True,super_deduction,0.247,0.05,False,7.65728279297819,0.08459745335985294
2022Q3,Chemicals and man made fibres,2005,0.3424998111734937,0.4612525641296761,True,super_deduction,0.247,0.05,False,7.60339933974067,0.08459745335985294
2022Q4,Chemicals and man made fibres,1909,0.3424998111734937,0.4612525641296761,True,super_deduction,0.247,0.05,False,7.554334823725748,0.08459745335985294
2023Q1,Chemicals and man made fibres,1963,0.3424998111734937,0.4612525641296761,True,super_deduction,0.247,0.05,False,7.5822291942764615,0.08459745335985294
2023Q2,Chemicals and man made fibres,1956,0.3424998111734937,0.4612525641296761,True,full_expensing,0.25,0.05,False,7.578656850594762,0.08562495279337343
2023Q3,Chemicals and man made fibres,1971,0.3424998111734937,0.4612525641296761,True,full_expensing,0.25,0.05,False,7.58629630715272,0.08562495279337343
2023Q4,Chemicals and man made fibres,1829,0.3424998111734937,0.4612525641296761,True,full_expensing,0.25,0.05,False,7.511524648390866,0.08562495279337343
2024Q1,Chemicals and man made fibres,1807,0.3424998111734937,0.4612525641296761,True,full_expensing,0.25,0.05,False,7.499423290592229,0.08562495279337343
2024Q2,Chemicals and man made fibres,1750,0.3424998111734937,0.4612525641296761,True,full_expensing,0.25,0.05,False,7.4673710669175595,0.08562495279337343
2024Q3,Chemicals and man made fibres,1661,0.3424998111734937,0.4612525641296761,True,full_expensing,0.25,0.05,False,7.415175109613295,0.08562495279337343
2024Q4,Chemicals and man made fibres,1678,0.3424998111734937,0.4612525641296761,True,full_expensing,0.25,0.05,False,7.425357887027151,0.08562495279337343
2025Q1,Chemicals and man made fibres,1689,0.3424998111734937,0.4612525641296761,True,full_expensing,0.25,0.05,False,7.4318919168078,0.08562495279337343
2025Q2,Chemicals and man made fibres,1658,0.3424998111734937,0.4612525641296761,True,full_expensing,0.25,0.05,False,7.4133673356952405,0.08562495279337343
2025Q3,Chemicals and man made fibres,1657,0.3424998111734937,0.4612525641296761,True,full_expensing,0.25,0.05,False,7.4127640174265625,0.08562495279337343
2025Q4,Chemicals and man made fibres,1612,0.3424998111734937,0.4612525641296761,True,full_expensing,0.25,0.05,False,7.385230923066573,0.08562495279337343
2026Q1,Chemicals and man made fibres,1675,0.3424998111734937,0.4612525641296761,True,full_expensing,0.25,0.05,False,7.423568444259167,0.08562495279337343
2015Q1,Construction,1918,0.4845826642522806,0.5004665865202734,False,pre,0.148695652173913,0.05,False,7.559038255443384,0.07205533529316518
2015Q2,Construction,2131,0.4845826642522806,0.5004665865202734,False,pre,0.148695652173913,0.05,False,7.664346632098617,0.07205533529316518
2015Q3,Construction,1955,0.4845826642522806,0.5004665865202734,False,pre,0.148695652173913,0.05,False,7.578145472419466,0.07205533529316518
2015Q4,Construction,1849,0.4845826642522806,0.5004665865202734,False,pre,0.148695652173913,0.05,False,7.522400231387125,0.07205533529316518
2016Q1,Construction,1779,0.4845826642522806,0.5004665865202734,False,pre,0.148695652173913,0.05,False,7.483806687665835,0.07205533529316518
2016Q2,Construction,1800,0.4845826642522806,0.5004665865202734,False,pre,0.148695652173913,0.05,False,7.495541943884256,0.07205533529316518
2016Q3,Construction,1895,0.4845826642522806,0.5004665865202734,False,pre,0.148695652173913,0.05,False,7.546974117516527,0.07205533529316518
2016Q4,Construction,2384,0.4845826642522806,0.5004665865202734,False,pre,0.148695652173913,0.05,False,7.776535028185241,0.07205533529316518
2017Q1,Construction,1873,0.4845826642522806,0.5004665865202734,False,pre,0.148695652173913,0.05,False,7.5352967024440884,0.07205533529316518
2017Q2,Construction,1906,0.4845826642522806,0.5004665865202734,False,pre,0.148695652173913,0.05,False,7.552762084214147,0.07205533529316518
2017Q3,Construction,2164,0.4845826642522806,0.5004665865202734,False,pre,0.148695652173913,0.05,False,7.679713639966372,0.07205533529316518
2017Q4,Construction,2348,0.4845826642522806,0.5004665865202734,False,pre,0.148695652173913,0.05,False,7.761319180947987,0.07205533529316518
2018Q1,Construction,2366,0.4845826642522806,0.5004665865202734,False,pre,0.148695652173913,0.05,False,7.768956044538332,0.07205533529316518
2018Q2,Construction,2481,0.4845826642522806,0.5004665865202734,False,pre,0.148695652173913,0.05,False,7.816416983691801,0.07205533529316518
2018Q3,Construction,2726,0.4845826642522806,0.5004665865202734,False,pre,0.148695652173913,0.05,False,7.9105906122564775,0.07205533529316518
2018Q4,Construction,2912,0.4845826642522806,0.5004665865202734,False,pre,0.148695652173913,0.05,False,7.976595409316577,0.07205533529316518
2019Q1,Construction,3476,0.4845826642522806,0.5004665865202734,False,pre,0.148695652173913,0.05,False,8.153637486385282,0.07205533529316518
2019Q2,Construction,3685,0.4845826642522806,0.5004665865202734,False,pre,0.148695652173913,0.05,False,8.212025804623437,0.07205533529316518
2019Q3,Construction,3562,0.4845826642522806,0.5004665865202734,False,pre,0.148695652173913,0.05,False,8.178077463849608,0.07205533529316518
2019Q4,Construction,3774,0.4845826642522806,0.5004665865202734,False,pre,0.148695652173913,0.05,False,8.235890725928495,0.07205533529316518
2020Q1,Construction,3604,0.4845826642522806,0.5004665865202734,False,pre,0.148695652173913,0.05,False,8.189799618728228,0.07205533529316518
2021Q1,Construction,3258,0.4845826642522806,0.5004665865202734,False,pre,0.148695652173913,0.05,False,8.08886878916199,0.07205533529316518
2021Q2,Construction,3047,0.4845826642522806,0.5004665865202734,False,super_deduction,0.247,0.05,False,8.021912778985708,0.1196919180703133
2021Q3,Construction,3243,0.4845826642522806,0.5004665865202734,False,super_deduction,0.247,0.05,False,8.084254106307318,0.1196919180703133
2021Q4,Construction,2861,0.4845826642522806,0.5004665865202734,False,super_deduction,0.247,0.05,False,7.95892649305011,0.1196919180703133
2022Q1,Construction,3030,0.4845826642522806,0.5004665865202734,False,super_deduction,0.247,0.05,False,8.016317898503415,0.1196919180703133
2022Q2,Construction,2899,0.4845826642522806,0.5004665865202734,False,super_deduction,0.247,0.05,False,7.972121128921655,0.1196919180703133
2022Q3,Construction,3083,0.4845826642522806,0.5004665865202734,False,super_deduction,0.247,0.05,False,8.03365842788615,0.1196919180703133
2022Q4,Construction,3150,0.4845826642522806,0.5004665865202734,False,super_deduction,0.247,0.05,False,8.055157731819678,0.1196919180703133
2023Q1,Construction,3156,0.4845826642522806,0.5004665865202734,False,super_deduction,0.247,0.05,False,8.057060681965766,0.1196919180703133
2023Q2,Construction,2749,0.4845826642522806,0.5004665865202734,False,full_expensing,0.25,0.05,False,7.918992488165245,0.12114566606307015
2023Q3,Construction,2537,0.4845826642522806,0.5004665865202734,False,full_expensing,0.25,0.05,False,7.838737559599282,0.12114566606307015
2023Q4,Construction,2711,0.4845826642522806,0.5004665865202734,False,full_expensing,0.25,0.05,False,7.905072849498666,0.12114566606307015
2024Q1,Construction,2683,0.4845826642522806,0.5004665865202734,False,full_expensing,0.25,0.05,False,7.894690850425624,0.12114566606307015
2024Q2,Construction,2605,0.4845826642522806,0.5004665865202734,False,full_expensing,0.25,0.05,False,7.865187954187467,0.12114566606307015
2024Q3,Construction,2702,0.4845826642522806,0.5004665865202734,False,full_expensing,0.25,0.05,False,7.9017475185201445,0.12114566606307015
2024Q4,Construction,2767,0.4845826642522806,0.5004665865202734,False,full_expensing,0.25,0.05,False,7.925518979786926,0.12114566606307015
2025Q1,Construction,2864,0.4845826642522806,0.5004665865202734,False,full_expensing,0.25,0.05,False,7.9599745280805365,0.12114566606307015
2025Q2,Construction,2868,0.4845826642522806,0.5004665865202734,False,full_expensing,0.25,0.05,False,7.961370201719511,0.12114566606307015
2025Q3,Construction,2897,0.4845826642522806,0.5004665865202734,False,full_expensing,0.25,0.05,False,7.9714309977693505,0.12114566606307015
2025Q4,Construction,3005,0.4845826642522806,0.5004665865202734,False,full_expensing,0.25,0.05,False,8.008032846969307,0.12114566606307015
2026Q1,Construction,2998,0.4845826642522806,0.5004665865202734,False,full_expensing,0.25,0.05,False,8.005700678662542,0.12114566606307015
2015Q1,Distribution Services,4835,0.2662744131809887,0.291056432619528,False,pre,0.148695652173913,0.05,False,8.483636407887394,0.039593847525173094
2015Q2,Distribution Services,5401,0.2662744131809887,0.291056432619528,False,pre,0.148695652173913,0.05,False,8.594339400592892,0.039593847525173094
2015Q3,Distribution Services,5131,0.2662744131809887,0.291056432619528,False,pre,0.148695652173913,0.05,False,8.543055850941965,0.039593847525173094
2015Q4,Distribution Services,5338,0.2662744131809887,0.291056432619528,False,pre,0.148695652173913,0.05,False,8.58260632996447,0.039593847525173094
2016Q1,Distribution Services,5530,0.2662744131809887,0.291056432619528,False,pre,0.148695652173913,0.05,False,8.61794309451638,0.039593847525173094
2016Q2,Distribution Services,5023,0.2662744131809887,0.291056432619528,False,pre,0.148695652173913,0.05,False,8.521782643750045,0.039593847525173094
2016Q3,Distribution Services,5438,0.2662744131809887,0.291056432619528,False,pre,0.148695652173913,0.05,False,8.601166625192416,0.039593847525173094
2016Q4,Distribution Services,5751,0.2662744131809887,0.291056432619528,False,pre,0.148695652173913,0.05,False,8.657129031713755,0.039593847525173094
2017Q1,Distribution Services,5492,0.2662744131809887,0.291056432619528,False,pre,0.148695652173913,0.05,False,8.61104776688786,0.039593847525173094
2017Q2,Distribution Services,4900,0.2662744131809887,0.291056432619528,False,pre,0.148695652173913,0.05,False,8.496990484098719,0.039593847525173094
2017Q3,Distribution Services,5095,0.2662744131809887,0.291056432619528,False,pre,0.148695652173913,0.05,False,8.536014945656826,0.039593847525173094
2017Q4,Distribution Services,5406,0.2662744131809887,0.291056432619528,False,pre,0.148695652173913,0.05,False,8.595264726836392,0.039593847525173094
2018Q1,Distribution Services,5643,0.2662744131809887,0.291056432619528,False,pre,0.148695652173913,0.05,False,8.63817111796914,0.039593847525173094
2018Q2,Distribution Services,5837,0.2662744131809887,0.291056432619528,False,pre,0.148695652173913,0.05,False,8.671972245203792,0.039593847525173094
2018Q3,Distribution Services,5281,0.2662744131809887,0.291056432619528,False,pre,0.148695652173913,0.05,False,8.571870752706934,0.039593847525173094
2018Q4,Distribution Services,4787,0.2662744131809887,0.291056432619528,False,pre,0.148695652173913,0.05,False,8.473659189392508,0.039593847525173094
2019Q1,Distribution Services,5152,0.2662744131809887,0.291056432619528,False,pre,0.148695652173913,0.05,False,8.54714026778419,0.039593847525173094
2019Q2,Distribution Services,5651,0.2662744131809887,0.291056432619528,False,pre,0.148695652173913,0.05,False,8.639587799629844,0.039593847525173094
2019Q3,Distribution Services,6243,0.2662744131809887,0.291056432619528,False,pre,0.148695652173913,0.05,False,8.739216115061744,0.039593847525173094
2019Q4,Distribution Services,5560,0.2662744131809887,0.291056432619528,False,pre,0.148695652173913,0.05,False,8.623353387244627,0.039593847525173094
2020Q1,Distribution Services,5936,0.2662744131809887,0.291056432619528,False,pre,0.148695652173913,0.05,False,8.688790784847216,0.039593847525173094
2021Q1,Distribution Services,6293,0.2662744131809887,0.291056432619528,False,pre,0.148695652173913,0.05,False,8.747193183526933,0.039593847525173094
2021Q2,Distribution Services,6926,0.2662744131809887,0.291056432619528,False,super_deduction,0.247,0.05,False,8.843037724962366,0.0657697800557042
2021Q3,Distribution Services,6837,0.2662744131809887,0.291056432619528,False,super_deduction,0.247,0.05,False,8.830104317913793,0.0657697800557042
2021Q4,Distribution Services,6970,0.2662744131809887,0.291056432619528,False,super_deduction,0.247,0.05,False,8.84937050375457,0.0657697800557042
2022Q1,Distribution Services,6854,0.2662744131809887,0.291056432619528,False,super_deduction,0.247,0.05,False,8.832587702434553,0.0657697800557042
2022Q2,Distribution Services,6563,0.2662744131809887,0.291056432619528,False,super_deduction,0.247,0.05,False,8.789203094473724,0.0657697800557042
2022Q3,Distribution Services,5628,0.2662744131809887,0.291056432619528,False,super_deduction,0.247,0.05,False,8.63550941823428,0.0657697800557042
2022Q4,Distribution Services,5459,0.2662744131809887,0.291056432619528,False,super_deduction,0.247,0.05,False,8.605020901781758,0.0657697800557042
2023Q1,Distribution Services,6138,0.2662744131809887,0.291056432619528,False,super_deduction,0.247,0.05,False,8.722254235179681,0.0657697800557042
2023Q2,Distribution Services,6293,0.2662744131809887,0.291056432619528,False,full_expensing,0.25,0.05,False,8.747193183526933,0.06656860329524718
2023Q3,Distribution Services,6262,0.2662744131809887,0.291056432619528,False,full_expensing,0.25,0.05,False,8.742254901886351,0.06656860329524718
2023Q4,Distribution Services,6082,0.2662744131809887,0.291056432619528,False,full_expensing,0.25,0.05,False,8.71308886823731,0.06656860329524718
2024Q1,Distribution Services,6720,0.2662744131809887,0.291056432619528,False,full_expensing,0.25,0.05,False,8.812843433517195,0.06656860329524718
2024Q2,Distribution Services,6184,0.2662744131809887,0.291056432619528,False,full_expensing,0.25,0.05,False,8.729720590267258,0.06656860329524718
2024Q3,Distribution Services,6509,0.2662744131809887,0.291056432619528,False,full_expensing,0.25,0.05,False,8.780941113572387,0.06656860329524718
2024Q4,Distribution Services,7423,0.2662744131809887,0.291056432619528,False,full_expensing,0.25,0.05,False,8.912338567117548,0.06656860329524718
2025Q1,Distribution Services,6865,0.2662744131809887,0.291056432619528,False,full_expensing,0.25,0.05,False,8.834191318202071,0.06656860329524718
2025Q2,Distribution Services,6834,0.2662744131809887,0.291056432619528,False,full_expensing,0.25,0.05,False,8.829665432675236,0.06656860329524718
2025Q3,Distribution Services,6231,0.2662744131809887,0.291056432619528,False,full_expensing,0.25,0.05,False,8.737292112544221,0.06656860329524718
2025Q4,Distribution Services,5954,0.2662744131809887,0.291056432619528,False,full_expensing,0.25,0.05,False,8.691818541575723,0.06656860329524718
2026Q1,Distribution Services,5938,0.2662744131809887,0.291056432619528,False,full_expensing,0.25,0.05,False,8.689127655323706,0.06656860329524718
2015Q1,Education,5722,0.0346148527510171,0.0422010427904644,False,pre,0.148695652173913,0.05,False,8.652073673610056,0.005147078104716454
2015Q2,Education,5536,0.0346148527510171,0.0422010427904644,False,pre,0.148695652173913,0.05,False,8.619027497297505,0.005147078104716454
2015Q3,Education,5160,0.0346148527510171,0.0422010427904644,False,pre,0.148695652173913,0.05,False,8.548691858475609,0.005147078104716454
2015Q4,Education,5260,0.0346148527510171,0.0422010427904644,False,pre,0.148695652173913,0.05,False,8.567886305731756,0.005147078104716454
2016Q1,Education,5325,0.0346148527510171,0.0422010427904644,False,pre,0.148695652173913,0.05,False,8.580167990577626,0.005147078104716454
2016Q2,Education,5059,0.0346148527510171,0.0422010427904644,False,pre,0.148695652173913,0.05,False,8.528924114291936,0.005147078104716454
2016Q3,Education,5465,0.0346148527510171,0.0422010427904644,False,pre,0.148695652173913,0.05,False,8.60611940061064,0.005147078104716454
2016Q4,Education,5910,0.0346148527510171,0.0422010427904644,False,pre,0.148695652173913,0.05,False,8.684401110400144,0.005147078104716454
2017Q1,Education,5637,0.0346148527510171,0.0422010427904644,False,pre,0.148695652173913,0.05,False,8.637107288081575,0.005147078104716454
2017Q2,Education,5824,0.0346148527510171,0.0422010427904644,False,pre,0.148695652173913,0.05,False,8.669742589876522,0.005147078104716454
2017Q3,Education,6251,0.0346148527510171,0.0422010427904644,False,pre,0.148695652173913,0.05,False,8.740496729931813,0.005147078104716454
2017Q4,Education,5710,0.0346148527510171,0.0422010427904644,False,pre,0.148695652173913,0.05,False,8.649974302650056,0.005147078104716454
2018Q1,Education,5900,0.0346148527510171,0.0422010427904644,False,pre,0.148695652173913,0.05,False,8.68270762989381,0.005147078104716454
2018Q2,Education,5786,0.0346148527510171,0.0422010427904644,False,pre,0.148695652173913,0.05,False,8.66319648553608,0.005147078104716454
2018Q3,Education,5707,0.0346148527510171,0.0422010427904644,False,pre,0.148695652173913,0.05,False,8.649448770536708,0.005147078104716454
2018Q4,Education,5724,0.0346148527510171,0.0422010427904644,False,pre,0.148695652173913,0.05,False,8.652423140676342,0.005147078104716454
2019Q1,Education,5825,0.0346148527510171,0.0422010427904644,False,pre,0.148695652173913,0.05,False,8.669914278433902,0.005147078104716454
2019Q2,Education,5769,0.0346148527510171,0.0422010427904644,False,pre,0.148695652173913,0.05,False,8.660254034256889,0.005147078104716454
2019Q3,Education,5940,0.0346148527510171,0.0422010427904644,False,pre,0.148695652173913,0.05,False,8.68946441235669,0.005147078104716454
2019Q4,Education,5817,0.0346148527510171,0.0422010427904644,False,pre,0.148695652173913,0.05,False,8.668539943910762,0.005147078104716454
2020Q1,Education,5641,0.0346148527510171,0.0422010427904644,False,pre,0.148695652173913,0.05,False,8.637816633739977,0.005147078104716454
2021Q1,Education,5857,0.0346148527510171,0.0422010427904644,False,pre,0.148695652173913,0.05,False,8.675392806089782,0.005147078104716454
2021Q2,Education,5958,0.0346148527510171,0.0422010427904644,False,super_deduction,0.247,0.05,False,8.692490133273228,0.008549868629501222
2021Q3,Education,5907,0.0346148527510171,0.0422010427904644,False,super_deduction,0.247,0.05,False,8.683893367307235,0.008549868629501222
2021Q4,Education,6022,0.0346148527510171,0.0422010427904644,False,super_deduction,0.247,0.05,False,8.70317470904168,0.008549868629501222
2022Q1,Education,6037,0.0346148527510171,0.0422010427904644,False,super_deduction,0.247,0.05,False,8.705662478796427,0.008549868629501222
2022Q2,Education,5728,0.0346148527510171,0.0422010427904644,False,super_deduction,0.247,0.05,False,8.653121708640482,0.008549868629501222
2022Q3,Education,5445,0.0346148527510171,0.0422010427904644,False,super_deduction,0.247,0.05,False,8.602453035367061,0.008549868629501222
2022Q4,Education,5535,0.0346148527510171,0.0422010427904644,False,super_deduction,0.247,0.05,False,8.618846845142738,0.008549868629501222
2023Q1,Education,5951,0.0346148527510171,0.0422010427904644,False,super_deduction,0.247,0.05,False,8.691314551644853,0.008549868629501222
2023Q2,Education,5253,0.0346148527510171,0.0422010427904644,False,full_expensing,0.25,0.05,False,8.566554620953962,0.008653713187754274
2023Q3,Education,5568,0.0346148527510171,0.0422010427904644,False,full_expensing,0.25,0.05,False,8.624791202014256,0.008653713187754274
2023Q4,Education,5441,0.0346148527510171,0.0422010427904644,False,full_expensing,0.25,0.05,False,8.601718146485926,0.008653713187754274
2024Q1,Education,5673,0.0346148527510171,0.0422010427904644,False,full_expensing,0.25,0.05,False,8.643473357326567,0.008653713187754274
2024Q2,Education,5653,0.0346148527510171,0.0422010427904644,False,full_expensing,0.25,0.05,False,8.63994165667529,0.008653713187754274
2024Q3,Education,5356,0.0346148527510171,0.0422010427904644,False,full_expensing,0.25,0.05,False,8.585972706811063,0.008653713187754274
2024Q4,Education,4833,0.0346148527510171,0.0422010427904644,False,full_expensing,0.25,0.05,False,8.483222671845084,0.008653713187754274
2025Q1,Education,5126,0.0346148527510171,0.0422010427904644,False,full_expensing,0.25,0.05,False,8.542080906924017,0.008653713187754274
2025Q2,Education,5326,0.0346148527510171,0.0422010427904644,False,full_expensing,0.25,0.05,False,8.580355766373877,0.008653713187754274
2025Q3,Education,5101,0.0346148527510171,0.0422010427904644,False,full_expensing,0.25,0.05,False,8.537191877922927,0.008653713187754274
2025Q4,Education,5043,0.0346148527510171,0.0422010427904644,False,full_expensing,0.25,0.05,False,8.525756422076725,0.008653713187754274
2026Q1,Education,5253,0.0346148527510171,0.0422010427904644,False,full_expensing,0.25,0.05,False,8.566554620953962,0.008653713187754274
2015Q1,"Electricity, gas and water",5431,0.1833710733785886,0.278185280299427,False,pre,0.148695652173913,0.05,False,8.599878558034845,0.02726648134585969
2015Q2,"Electricity, gas and water",7224,0.1833710733785886,0.278185280299427,False,pre,0.148695652173913,0.05,False,8.88516409509682,0.02726648134585969
2015Q3,"Electricity, gas and water",6816,0.1833710733785886,0.278185280299427,False,pre,0.148695652173913,0.05,False,8.827028068509152,0.02726648134585969
2015Q4,"Electricity, gas and water",7323,0.1833710733785886,0.278185280299427,False,pre,0.148695652173913,0.05,False,8.89877535906107,0.02726648134585969
2016Q1,"Electricity, gas and water",7211,0.1833710733785886,0.278185280299427,False,pre,0.148695652173913,0.05,False,8.88336291691676,0.02726648134585969
2016Q2,"Electricity, gas and water",6551,0.1833710733785886,0.278185280299427,False,pre,0.148695652173913,0.05,False,8.787372988731876,0.02726648134585969
2016Q3,"Electricity, gas and water",7747,0.1833710733785886,0.278185280299427,False,pre,0.148695652173913,0.05,False,8.955060950631902,0.02726648134585969
2016Q4,"Electricity, gas and water",7303,0.1833710733785886,0.278185280299427,False,pre,0.148695652173913,0.05,False,8.89604050162011,0.02726648134585969
2017Q1,"Electricity, gas and water",7688,0.1833710733785886,0.278185280299427,False,pre,0.148695652173913,0.05,False,8.947415950650129,0.02726648134585969
2017Q2,"Electricity, gas and water",6851,0.1833710733785886,0.278185280299427,False,pre,0.148695652173913,0.05,False,8.832149906002899,0.02726648134585969
2017Q3,"Electricity, gas and water",6936,0.1833710733785886,0.278185280299427,False,pre,0.148695652173913,0.05,False,8.844480518460378,0.02726648134585969
2017Q4,"Electricity, gas and water",7238,0.1833710733785886,0.278185280299427,False,pre,0.148695652173913,0.05,False,8.887100204123687,0.02726648134585969
2018Q1,"Electricity, gas and water",8456,0.1833710733785886,0.278185280299427,False,pre,0.148695652173913,0.05,False,9.042631527550073,0.02726648134585969
2018Q2,"Electricity, gas and water",8590,0.1833710733785886,0.278185280299427,False,pre,0.148695652173913,0.05,False,9.0583540149783,0.02726648134585969
2018Q3,"Electricity, gas and water",4952,0.1833710733785886,0.278185280299427,False,pre,0.148695652173913,0.05,False,8.507546814364431,0.02726648134585969
2018Q4,"Electricity, gas and water",5317,0.1833710733785886,0.278185280299427,False,pre,0.148695652173913,0.05,False,8.57866451350434,0.02726648134585969
2019Q1,"Electricity, gas and water",5732,0.1833710733785886,0.278185280299427,False,pre,0.148695652173913,0.05,False,8.653819788948063,0.02726648134585969
2019Q2,"Electricity, gas and water",6107,0.1833710733785886,0.278185280299427,False,pre,0.148695652173913,0.05,False,8.717190933223135,0.02726648134585969
2019Q3,"Electricity, gas and water",6389,0.1833710733785886,0.278185280299427,False,pre,0.148695652173913,0.05,False,8.762333040602343,0.02726648134585969
2019Q4,"Electricity, gas and water",8123,0.1833710733785886,0.278185280299427,False,pre,0.148695652173913,0.05,False,9.002454823050954,0.02726648134585969
2020Q1,"Electricity, gas and water",6691,0.1833710733785886,0.278185280299427,False,pre,0.148695652173913,0.05,False,8.808518618782816,0.02726648134585969
2021Q1,"Electricity, gas and water",6994,0.1833710733785886,0.278185280299427,False,pre,0.148695652173913,0.05,False,8.852807917623322,0.02726648134585969
2021Q2,"Electricity, gas and water",7074,0.1833710733785886,0.278185280299427,False,super_deduction,0.247,0.05,False,8.864181369765426,0.04529265512451138
2021Q3,"Electricity, gas and water",4951,0.1833710733785886,0.278185280299427,False,super_deduction,0.247,0.05,False,8.507344855361422,0.04529265512451138
2021Q4,"Electricity, gas and water",5222,0.1833710733785886,0.278185280299427,False,super_deduction,0.247,0.05,False,8.560635749259074,0.04529265512451138
2022Q1,"Electricity, gas and water",6291,0.1833710733785886,0.278185280299427,False,super_deduction,0.247,0.05,False,8.74687531957003,0.04529265512451138
2022Q2,"Electricity, gas and water",6791,0.1833710733785886,0.278185280299427,False,super_deduction,0.247,0.05,False,8.823353485113792,0.04529265512451138
2022Q3,"Electricity, gas and water",6321,0.1833710733785886,0.278185280299427,False,super_deduction,0.247,0.05,False,8.751632702472298,0.04529265512451138
2022Q4,"Electricity, gas and water",5753,0.1833710733785886,0.278185280299427,False,super_deduction,0.247,0.05,False,8.657476736863293,0.04529265512451138
2023Q1,"Electricity, gas and water",6440,0.1833710733785886,0.278185280299427,False,super_deduction,0.247,0.05,False,8.770283819098399,0.04529265512451138
2023Q2,"Electricity, gas and water",5385,0.1833710733785886,0.278185280299427,False,full_expensing,0.25,0.05,False,8.591372589590488,0.04584276834464715
2023Q3,"Electricity, gas and water",6038,0.1833710733785886,0.278185280299427,False,full_expensing,0.25,0.05,False,8.705828110266784,0.04584276834464715
2023Q4,"Electricity, gas and water",7318,0.1833710733785886,0.278185280299427,False,full_expensing,0.25,0.05,False,8.898092345579153,0.04584276834464715
2024Q1,"Electricity, gas and water",7336,0.1833710733785886,0.278185280299427,False,full_expensing,0.25,0.05,False,8.9005490139363,0.04584276834464715
2024Q2,"Electricity, gas and water",8980,0.1833710733785886,0.278185280299427,False,full_expensing,0.25,0.05,False,9.102755161296246,0.04584276834464715
2024Q3,"Electricity, gas and water",9659,0.1833710733785886,0.278185280299427,False,full_expensing,0.25,0.05,False,9.175645402179295,0.04584276834464715
2024Q4,"Electricity, gas and water",9390,0.1833710733785886,0.278185280299427,False,full_expensing,0.25,0.05,False,9.147400572202308,0.04584276834464715
2025Q1,"Electricity, gas and water",12334,0.1833710733785886,0.278185280299427,False,full_expensing,0.25,0.05,False,9.420114955551439,0.04584276834464715
2025Q2,"Electricity, gas and water",11758,0.1833710733785886,0.278185280299427,False,full_expensing,0.25,0.05,False,9.3722891389622,0.04584276834464715
2025Q3,"Electricity, gas and water",12076,0.1833710733785886,0.278185280299427,False,full_expensing,0.25,0.05,False,9.39897529082673,0.04584276834464715
2025Q4,"Electricity, gas and water",12886,0.1833710733785886,0.278185280299427,False,full_expensing,0.25,0.05,False,9.463896729698588,0.04584276834464715
2026Q1,"Electricity, gas and water",12843,0.1833710733785886,0.278185280299427,False,full_expensing,0.25,0.05,False,9.460554194813056,0.04584276834464715
2015Q1,Engineering and vehicles,2897,0.4727560241894137,0.5165204218120433,True,pre,0.148695652173913,0.05,False,7.9714309977693505,0.07029676533599107
2015Q2,Engineering and vehicles,3223,0.4727560241894137,0.5165204218120433,True,pre,0.148695652173913,0.05,False,8.078067881815437,0.07029676533599107
2015Q3,Engineering and vehicles,3268,0.4727560241894137,0.5165204218120433,True,pre,0.148695652173913,0.05,False,8.091933455979893,0.07029676533599107
2015Q4,Engineering and vehicles,3222,0.4727560241894137,0.5165204218120433,True,pre,0.148695652173913,0.05,False,8.07775756373692,0.07029676533599107
2016Q1,Engineering and vehicles,3069,0.4727560241894137,0.5165204218120433,True,pre,0.148695652173913,0.05,False,8.029107054619736,0.07029676533599107
2016Q2,Engineering and vehicles,2784,0.4727560241894137,0.5165204218120433,True,pre,0.148695652173913,0.05,False,7.931644021454311,0.07029676533599107
2016Q3,Engineering and vehicles,2731,0.4727560241894137,0.5165204218120433,True,pre,0.148695652173913,0.05,False,7.912423121473705,0.07029676533599107
2016Q4,Engineering and vehicles,2468,0.4727560241894137,0.5165204218120433,True,pre,0.148695652173913,0.05,False,7.811163385025279,0.07029676533599107
2017Q1,Engineering and vehicles,2745,0.4727560241894137,0.5165204218120433,True,pre,0.148695652173913,0.05,False,7.917536353943631,0.07029676533599107
2017Q2,Engineering and vehicles,3098,0.4727560241894137,0.5165204218120433,True,pre,0.148695652173913,0.05,False,8.038512020976814,0.07029676533599107
2017Q3,Engineering and vehicles,3119,0.4727560241894137,0.5165204218120433,True,pre,0.148695652173913,0.05,False,8.045267716607803,0.07029676533599107
2017Q4,Engineering and vehicles,3126,0.4727560241894137,0.5165204218120433,True,pre,0.148695652173913,0.05,False,8.047509510981422,0.07029676533599107
2018Q1,Engineering and vehicles,3569,0.4727560241894137,0.5165204218120433,True,pre,0.148695652173913,0.05,False,8.18004072349016,0.07029676533599107
2018Q2,Engineering and vehicles,3397,0.4727560241894137,0.5165204218120433,True,pre,0.148695652173913,0.05,False,8.130647968160584,0.07029676533599107
2018Q3,Engineering and vehicles,3464,0.4727560241894137,0.5165204218120433,True,pre,0.148695652173913,0.05,False,8.150179269682326,0.07029676533599107
2018Q4,Engineering and vehicles,3814,0.4727560241894137,0.5165204218120433,True,pre,0.148695652173913,0.05,False,8.246433786160365,0.07029676533599107
2019Q1,Engineering and vehicles,3762,0.4727560241894137,0.5165204218120433,True,pre,0.148695652173913,0.05,False,8.232706009860976,0.07029676533599107
2019Q2,Engineering and vehicles,3724,0.4727560241894137,0.5165204218120433,True,pre,0.148695652173913,0.05,False,8.222553638396958,0.07029676533599107
2019Q3,Engineering and vehicles,3466,0.4727560241894137,0.5165204218120433,True,pre,0.148695652173913,0.05,False,8.150756470275551,0.07029676533599107
2019Q4,Engineering and vehicles,3417,0.4727560241894137,0.5165204218120433,True,pre,0.148695652173913,0.05,False,8.136518252115291,0.07029676533599107
2020Q1,Engineering and vehicles,3631,0.4727560241894137,0.5165204218120433,True,pre,0.148695652173913,0.05,False,8.197263371414335,0.07029676533599107
2021Q1,Engineering and vehicles,3623,0.4727560241894137,0.5165204218120433,True,pre,0.148695652173913,0.05,False,8.195057690895077,0.07029676533599107
2021Q2,Engineering and vehicles,3753,0.4727560241894137,0.5165204218120433,True,super_deduction,0.247,0.05,False,8.23031079913502,0.11677073797478518
2021Q3,Engineering and vehicles,3873,0.4727560241894137,0.5165204218120433,True,super_deduction,0.247,0.05,False,8.261784679514752,0.11677073797478518
2021Q4,Engineering and vehicles,3869,0.4727560241894137,0.5165204218120433,True,super_deduction,0.247,0.05,False,8.260751354700513,0.11677073797478518
2022Q1,Engineering and vehicles,3345,0.4727560241894137,0.5165204218120433,True,super_deduction,0.247,0.05,False,8.11522197256233,0.11677073797478518
2022Q2,Engineering and vehicles,3658,0.4727560241894137,0.5165204218120433,True,super_deduction,0.247,0.05,False,8.204671828950811,0.11677073797478518
2022Q3,Engineering and vehicles,3710,0.4727560241894137,0.5165204218120433,True,super_deduction,0.247,0.05,False,8.21878715560148,0.11677073797478518
2022Q4,Engineering and vehicles,3416,0.4727560241894137,0.5165204218120433,True,super_deduction,0.247,0.05,False,8.13622555490846,0.11677073797478518
2023Q1,Engineering and vehicles,3441,0.4727560241894137,0.5165204218120433,True,super_deduction,0.247,0.05,False,8.14351740579748,0.11677073797478518
2023Q2,Engineering and vehicles,3513,0.4727560241894137,0.5165204218120433,True,full_expensing,0.25,0.05,False,8.164225652265827,0.11818900604735343
2023Q3,Engineering and vehicles,3252,0.4727560241894137,0.5165204218120433,True,full_expensing,0.25,0.05,False,8.087025470667701,0.11818900604735343
2023Q4,Engineering and vehicles,3179,0.4727560241894137,0.5165204218120433,True,full_expensing,0.25,0.05,False,8.064321960910803,0.11818900604735343
2024Q1,Engineering and vehicles,3198,0.4727560241894137,0.5165204218120433,True,full_expensing,0.25,0.05,False,8.0702808933939,0.11818900604735343
2024Q2,Engineering and vehicles,3244,0.4727560241894137,0.5165204218120433,True,full_expensing,0.25,0.05,False,8.084562415235304,0.11818900604735343
2024Q3,Engineering and vehicles,3264,0.4727560241894137,0.5165204218120433,True,full_expensing,0.25,0.05,False,8.090708716083997,0.11818900604735343
2024Q4,Engineering and vehicles,3166,0.4727560241894137,0.5165204218120433,True,full_expensing,0.25,0.05,False,8.060224240440958,0.11818900604735343
2025Q1,Engineering and vehicles,3224,0.4727560241894137,0.5165204218120433,True,full_expensing,0.25,0.05,False,8.07837810362652,0.11818900604735343
2025Q2,Engineering and vehicles,3351,0.4727560241894137,0.5165204218120433,True,full_expensing,0.25,0.05,False,8.11701408773731,0.11818900604735343
2025Q3,Engineering and vehicles,3382,0.4727560241894137,0.5165204218120433,True,full_expensing,0.25,0.05,False,8.126222529458525,0.11818900604735343
2025Q4,Engineering and vehicles,3390,0.4727560241894137,0.5165204218120433,True,full_expensing,0.25,0.05,False,8.128585200374497,0.11818900604735343
2026Q1,Engineering and vehicles,3361,0.4727560241894137,0.5165204218120433,True,full_expensing,0.25,0.05,False,8.119993827725105,0.11818900604735343
2015Q1,Financial intermediation,3697,0.2276734521438486,0.222450772354941,False,pre,0.148695652173913,0.05,False,8.215276958936633,0.03385405244921574
2015Q2,Financial intermediation,3694,0.2276734521438486,0.222450772354941,False,pre,0.148695652173913,0.05,False,8.214465160759186,0.03385405244921574
2015Q3,Financial intermediation,3645,0.2276734521438486,0.222450772354941,False,pre,0.148695652173913,0.05,False,8.201111644442758,0.03385405244921574
2015Q4,Financial intermediation,3741,0.2276734521438486,0.222450772354941,False,pre,0.148695652173913,0.05,False,8.227108234348146,0.03385405244921574
2016Q1,Financial intermediation,4071,0.2276734521438486,0.222450772354941,False,pre,0.148695652173913,0.05,False,8.31164394850298,0.03385405244921574
2016Q2,Financial intermediation,4345,0.2276734521438486,0.222450772354941,False,pre,0.148695652173913,0.05,False,8.376781037699493,0.03385405244921574
2016Q3,Financial intermediation,4368,0.2276734521438486,0.222450772354941,False,pre,0.148695652173913,0.05,False,8.38206051742474,0.03385405244921574
2016Q4,Financial intermediation,4144,0.2276734521438486,0.222450772354941,False,pre,0.148695652173913,0.05,False,8.329416783939319,0.03385405244921574
2017Q1,Financial intermediation,4953,0.2276734521438486,0.222450772354941,False,pre,0.148695652173913,0.05,False,8.507748732588238,0.03385405244921574
2017Q2,Financial intermediation,4889,0.2276734521438486,0.222450772354941,False,pre,0.148695652173913,0.05,False,8.494743062578646,0.03385405244921574
2017Q3,Financial intermediation,4894,0.2276734521438486,0.222450772354941,False,pre,0.148695652173913,0.05,False,8.495765244002618,0.03385405244921574
2017Q4,Financial intermediation,4962,0.2276734521438486,0.222450772354941,False,pre,0.148695652173913,0.05,False,8.509564164251746,0.03385405244921574
2018Q1,Financial intermediation,5042,0.2276734521438486,0.222450772354941,False,pre,0.148695652173913,0.05,False,8.525558107747866,0.03385405244921574
2018Q2,Financial intermediation,5013,0.2276734521438486,0.222450772354941,False,pre,0.148695652173913,0.05,False,8.519789817263504,0.03385405244921574
2018Q3,Financial intermediation,4605,0.2276734521438486,0.222450772354941,False,pre,0.148695652173913,0.05,False,8.434897948689407,0.03385405244921574
2018Q4,Financial intermediation,4919,0.2276734521438486,0.222450772354941,False,pre,0.148695652173913,0.05,False,8.50086053679534,0.03385405244921574
2019Q1,Financial intermediation,4905,0.2276734521438486,0.222450772354941,False,pre,0.148695652173913,0.05,False,8.498010371999463,0.03385405244921574
2019Q2,Financial intermediation,4786,0.2276734521438486,0.222450772354941,False,pre,0.148695652173913,0.05,False,8.47345026846832,0.03385405244921574
2019Q3,Financial intermediation,4705,0.2276734521438486,0.222450772354941,False,pre,0.148695652173913,0.05,False,8.45638105201948,0.03385405244921574
2019Q4,Financial intermediation,4853,0.2276734521438486,0.222450772354941,False,pre,0.148695652173913,0.05,False,8.487352349405215,0.03385405244921574
2020Q1,Financial intermediation,3465,0.2276734521438486,0.222450772354941,False,pre,0.148695652173913,0.05,False,8.150467911624004,0.03385405244921574
2021Q1,Financial intermediation,3595,0.2276734521438486,0.222450772354941,False,pre,0.148695652173913,0.05,False,8.187299270155147,0.03385405244921574
2021Q2,Financial intermediation,3736,0.2276734521438486,0.222450772354941,False,super_deduction,0.247,0.05,False,8.225770799348734,0.056235342679530606
2021Q3,Financial intermediation,3868,0.2276734521438486,0.222450772354941,False,super_deduction,0.247,0.05,False,8.260492856573185,0.056235342679530606
2021Q4,Financial intermediation,3891,0.2276734521438486,0.222450772354941,False,super_deduction,0.247,0.05,False,8.266421472984554,0.056235342679530606
2022Q1,Financial intermediation,4202,0.2276734521438486,0.222450772354941,False,super_deduction,0.247,0.05,False,8.343315881404946,0.056235342679530606
2022Q2,Financial intermediation,4157,0.2276734521438486,0.222450772354941,False,super_deduction,0.247,0.05,False,8.332548939252638,0.056235342679530606
2022Q3,Financial intermediation,4083,0.2276734521438486,0.222450772354941,False,super_deduction,0.247,0.05,False,8.314587291319576,0.056235342679530606
2022Q4,Financial intermediation,4192,0.2276734521438486,0.222450772354941,False,super_deduction,0.247,0.05,False,8.340933226000878,0.056235342679530606
2023Q1,Financial intermediation,4626,0.2276734521438486,0.222450772354941,False,super_deduction,0.247,0.05,False,8.439447842791385,0.056235342679530606
2023Q2,Financial intermediation,4434,0.2276734521438486,0.222450772354941,False,full_expensing,0.25,0.05,False,8.397057390176256,0.05691836303596215
2023Q3,Financial intermediation,4203,0.2276734521438486,0.222450772354941,False,full_expensing,0.25,0.05,False,8.343553835005117,0.05691836303596215
2023Q4,Financial intermediation,3797,0.2276734521438486,0.222450772354941,False,full_expensing,0.25,0.05,False,8.241966560231802,0.05691836303596215
2024Q1,Financial intermediation,3971,0.2276734521438486,0.222450772354941,False,full_expensing,0.25,0.05,False,8.286773231131251,0.05691836303596215
2024Q2,Financial intermediation,3994,0.2276734521438486,0.222450772354941,False,full_expensing,0.25,0.05,False,8.29254851397576,0.05691836303596215
2024Q3,Financial intermediation,3929,0.2276734521438486,0.222450772354941,False,full_expensing,0.25,0.05,False,8.27614021955846,0.05691836303596215
2024Q4,Financial intermediation,3749,0.2276734521438486,0.222450772354941,False,full_expensing,0.25,0.05,False,8.229244416735913,0.05691836303596215
2025Q1,Financial intermediation,3952,0.2276734521438486,0.222450772354941,False,full_expensing,0.25,0.05,False,8.281977058867758,0.05691836303596215
2025Q2,Financial intermediation,4117,0.2276734521438486,0.222450772354941,False,full_expensing,0.25,0.05,False,8.322880021769905,0.05691836303596215
2025Q3,Financial intermediation,4101,0.2276734521438486,0.222450772354941,False,full_expensing,0.25,0.05,False,8.31898612539206,0.05691836303596215
2025Q4,Financial intermediation,3662,0.2276734521438486,0.222450772354941,False,full_expensing,0.25,0.05,False,8.205764725234456,0.05691836303596215
2026Q1,Financial intermediation,3891,0.2276734521438486,0.222450772354941,False,full_expensing,0.25,0.05,False,8.266421472984554,0.05691836303596215
2015Q1,"Food, drink and tobacco",1081,0.7010699330673613,0.6485476588572164,True,pre,0.148695652173913,0.05,False,6.985641817639208,0.10424605091697284
2015Q2,"Food, drink and tobacco",1058,0.7010699330673613,0.6485476588572164,True,pre,0.148695652173913,0.05,False,6.964135612418245,0.10424605091697284
2015Q3,"Food, drink and tobacco",1071,0.7010699330673613,0.6485476588572164,True,pre,0.148695652173913,0.05,False,6.976348070447749,0.10424605091697284
2015Q4,"Food, drink and tobacco",1124,0.7010699330673613,0.6485476588572164,True,pre,0.148695652173913,0.05,False,7.024649030453636,0.10424605091697284
2016Q1,"Food, drink and tobacco",1137,0.7010699330673613,0.6485476588572164,True,pre,0.148695652173913,0.05,False,7.036148493750536,0.10424605091697284
2016Q2,"Food, drink and tobacco",1141,0.7010699330673613,0.6485476588572164,True,pre,0.148695652173913,0.05,False,7.039660349862076,0.10424605091697284
2016Q3,"Food, drink and tobacco",1129,0.7010699330673613,0.6485476588572164,True,pre,0.148695652173913,0.05,False,7.029087564149662,0.10424605091697284
2016Q4,"Food, drink and tobacco",956,0.7010699330673613,0.6485476588572164,True,pre,0.148695652173913,0.05,False,6.862757913051401,0.10424605091697284
2017Q1,"Food, drink and tobacco",1117,0.7010699330673613,0.6485476588572164,True,pre,0.148695652173913,0.05,False,7.018401799069201,0.10424605091697284
2017Q2,"Food, drink and tobacco",1226,0.7010699330673613,0.6485476588572164,True,pre,0.148695652173913,0.05,False,7.111512116496157,0.10424605091697284
2017Q3,"Food, drink and tobacco",1213,0.7010699330673613,0.6485476588572164,True,pre,0.148695652173913,0.05,False,7.10085190894405,0.10424605091697284
2017Q4,"Food, drink and tobacco",1217,0.7010699330673613,0.6485476588572164,True,pre,0.148695652173913,0.05,False,7.104144092987527,0.10424605091697284
2018Q1,"Food, drink and tobacco",1235,0.7010699330673613,0.6485476588572164,True,pre,0.148695652173913,0.05,False,7.118826249062078,0.10424605091697284
2018Q2,"Food, drink and tobacco",1318,0.7010699330673613,0.6485476588572164,True,pre,0.148695652173913,0.05,False,7.183870715062453,0.10424605091697284
2018Q3,"Food, drink and tobacco",1334,0.7010699330673613,0.6485476588572164,True,pre,0.148695652173913,0.05,False,7.195937226475569,0.10424605091697284
2018Q4,"Food, drink and tobacco",1119,0.7010699330673613,0.6485476588572164,True,pre,0.148695652173913,0.05,False,7.020190708311925,0.10424605091697284
2019Q1,"Food, drink and tobacco",1544,0.7010699330673613,0.6485476588572164,True,pre,0.148695652173913,0.05,False,7.342131730584722,0.10424605091697284
2019Q2,"Food, drink and tobacco",1259,0.7010699330673613,0.6485476588572164,True,pre,0.148695652173913,0.05,False,7.138073034044347,0.10424605091697284
2019Q3,"Food, drink and tobacco",1314,0.7010699330673613,0.6485476588572164,True,pre,0.148695652173913,0.05,False,7.1808311990445555,0.10424605091697284
2019Q4,"Food, drink and tobacco",1251,0.7010699330673613,0.6485476588572164,True,pre,0.148695652173913,0.05,False,7.1316985104669115,0.10424605091697284
2020Q1,"Food, drink and tobacco",1227,0.7010699330673613,0.6485476588572164,True,pre,0.148695652173913,0.05,False,7.112327444710911,0.10424605091697284
2021Q1,"Food, drink and tobacco",1117,0.7010699330673613,0.6485476588572164,True,pre,0.148695652173913,0.05,False,7.018401799069201,0.10424605091697284
2021Q2,"Food, drink and tobacco",1425,0.7010699330673613,0.6485476588572164,True,super_deduction,0.247,0.05,False,7.261927092702751,0.17316427346763824
2021Q3,"Food, drink and tobacco",1331,0.7010699330673613,0.6485476588572164,True,super_deduction,0.247,0.05,False,7.193685818395112,0.17316427346763824
2021Q4,"Food, drink and tobacco",1332,0.7010699330673613,0.6485476588572164,True,super_deduction,0.247,0.05,False,7.194436851100335,0.17316427346763824
2022Q1,"Food, drink and tobacco",1349,0.7010699330673613,0.6485476588572164,True,super_deduction,0.247,0.05,False,7.207118856207756,0.17316427346763824
2022Q2,"Food, drink and tobacco",1399,0.7010699330673613,0.6485476588572164,True,super_deduction,0.247,0.05,False,7.243512974665482,0.17316427346763824
2022Q3,"Food, drink and tobacco",1353,0.7010699330673613,0.6485476588572164,True,super_deduction,0.247,0.05,False,7.210079628170788,0.17316427346763824
2022Q4,"Food, drink and tobacco",1311,0.7010699330673613,0.6485476588572164,True,super_deduction,0.247,0.05,False,7.1785454837637,0.17316427346763824
2023Q1,"Food, drink and tobacco",1271,0.7010699330673613,0.6485476588572164,True,super_deduction,0.247,0.05,False,7.147559271189454,0.17316427346763824
2023Q2,"Food, drink and tobacco",1154,0.7010699330673613,0.6485476588572164,True,full_expensing,0.25,0.05,False,7.050989447068045,0.17526748326684033
2023Q3,"Food, drink and tobacco",1059,0.7010699330673613,0.6485476588572164,True,full_expensing,0.25,0.05,False,6.9650803456014065,0.17526748326684033
2023Q4,"Food, drink and tobacco",1109,0.7010699330673613,0.6485476588572164,True,full_expensing,0.25,0.05,False,7.011213987350367,0.17526748326684033
2024Q1,"Food, drink and tobacco",919,0.7010699330673613,0.6485476588572164,True,full_expensing,0.25,0.05,False,6.823286122355687,0.17526748326684033
2024Q2,"Food, drink and tobacco",761,0.7010699330673613,0.6485476588572164,True,full_expensing,0.25,0.05,False,6.634633357861686,0.17526748326684033
2024Q3,"Food, drink and tobacco",1060,0.7010699330673613,0.6485476588572164,True,full_expensing,0.25,0.05,False,6.966024187106113,0.17526748326684033
2024Q4,"Food, drink and tobacco",1093,0.7010699330673613,0.6485476588572164,True,full_expensing,0.25,0.05,False,6.996681488176539,0.17526748326684033
2025Q1,"Food, drink and tobacco",1107,0.7010699330673613,0.6485476588572164,True,full_expensing,0.25,0.05,False,7.009408932708637,0.17526748326684033
2025Q2,"Food, drink and tobacco",1167,0.7010699330673613,0.6485476588572164,True,full_expensing,0.25,0.05,False,7.062191632286556,0.17526748326684033
2025Q3,"Food, drink and tobacco",1137,0.7010699330673613,0.6485476588572164,True,full_expensing,0.25,0.05,False,7.036148493750536,0.17526748326684033
2025Q4,"Food, drink and tobacco",1153,0.7010699330673613,0.6485476588572164,True,full_expensing,0.25,0.05,False,7.050122520269059,0.17526748326684033
2026Q1,"Food, drink and tobacco",906,0.7010699330673613,0.6485476588572164,True,full_expensing,0.25,0.05,False,6.80903930604298,0.17526748326684033
2015Q1,Health and social work,1153,0.1150314752217839,0.1547983353823041,False,pre,0.148695652173913,0.05,False,7.050122520269059,0.017104680228630473
2015Q2,Health and social work,1107,0.1150314752217839,0.1547983353823041,False,pre,0.148695652173913,0.05,False,7.009408932708637,0.017104680228630473
2015Q3,Health and social work,1045,0.1150314752217839,0.1547983353823041,False,pre,0.148695652173913,0.05,False,6.951772164398911,0.017104680228630473
2015Q4,Health and social work,1067,0.1150314752217839,0.1547983353823041,False,pre,0.148695652173913,0.05,False,6.9726062513017535,0.017104680228630473
2016Q1,Health and social work,1008,0.1150314752217839,0.1547983353823041,False,pre,0.148695652173913,0.05,False,6.915723448631314,0.017104680228630473
2016Q2,Health and social work,1081,0.1150314752217839,0.1547983353823041,False,pre,0.148695652173913,0.05,False,6.985641817639208,0.017104680228630473
2016Q3,Health and social work,1179,0.1150314752217839,0.1547983353823041,False,pre,0.148695652173913,0.05,False,7.072421900537371,0.017104680228630473
2016Q4,Health and social work,1128,0.1150314752217839,0.1547983353823041,False,pre,0.148695652173913,0.05,False,7.028201432058005,0.017104680228630473
2017Q1,Health and social work,1223,0.1150314752217839,0.1547983353823041,False,pre,0.148695652173913,0.05,False,7.109062135687172,0.017104680228630473
2017Q2,Health and social work,1189,0.1150314752217839,0.1547983353823041,False,pre,0.148695652173913,0.05,False,7.080867896690782,0.017104680228630473
2017Q3,Health and social work,1236,0.1150314752217839,0.1547983353823041,False,pre,0.148695652173913,0.05,False,7.119635638017636,0.017104680228630473
2017Q4,Health and social work,1093,0.1150314752217839,0.1547983353823041,False,pre,0.148695652173913,0.05,False,6.996681488176539,0.017104680228630473
2018Q1,Health and social work,1510,0.1150314752217839,0.1547983353823041,False,pre,0.148695652173913,0.05,False,7.31986492980897,0.017104680228630473
2018Q2,Health and social work,1204,0.1150314752217839,0.1547983353823041,False,pre,0.148695652173913,0.05,False,7.093404625868766,0.017104680228630473
2018Q3,Health and social work,1279,0.1150314752217839,0.1547983353823041,False,pre,0.148695652173913,0.05,False,7.153833801578843,0.017104680228630473
2018Q4,Health and social work,1347,0.1150314752217839,0.1547983353823041,False,pre,0.148695652173913,0.05,False,7.205635176410364,0.017104680228630473
2019Q1,Health and social work,1195,0.1150314752217839,0.1547983353823041,False,pre,0.148695652173913,0.05,False,7.085901464365611,0.017104680228630473
2019Q2,Health and social work,1338,0.1150314752217839,0.1547983353823041,False,pre,0.148695652173913,0.05,False,7.198931240688173,0.017104680228630473
2019Q3,Health and social work,1270,0.1150314752217839,0.1547983353823041,False,pre,0.148695652173913,0.05,False,7.146772179452637,0.017104680228630473
2019Q4,Health and social work,1331,0.1150314752217839,0.1547983353823041,False,pre,0.148695652173913,0.05,False,7.193685818395112,0.017104680228630473
2020Q1,Health and social work,1343,0.1150314752217839,0.1547983353823041,False,pre,0.148695652173913,0.05,False,7.202661196523238,0.017104680228630473
2021Q1,Health and social work,1254,0.1150314752217839,0.1547983353823041,False,pre,0.148695652173913,0.05,False,7.134093721192866,0.017104680228630473
2021Q2,Health and social work,1303,0.1150314752217839,0.1547983353823041,False,super_deduction,0.247,0.05,False,7.172424577124845,0.028412774379780625
2021Q3,Health and social work,1258,0.1150314752217839,0.1547983353823041,False,super_deduction,0.247,0.05,False,7.1372784372603855,0.028412774379780625
2021Q4,Health and social work,1254,0.1150314752217839,0.1547983353823041,False,super_deduction,0.247,0.05,False,7.134093721192866,0.028412774379780625
2022Q1,Health and social work,1295,0.1150314752217839,0.1547983353823041,False,super_deduction,0.247,0.05,False,7.166265974133638,0.028412774379780625
2022Q2,Health and social work,1259,0.1150314752217839,0.1547983353823041,False,super_deduction,0.247,0.05,False,7.138073034044347,0.028412774379780625
2022Q3,Health and social work,1158,0.1150314752217839,0.1547983353823041,False,super_deduction,0.247,0.05,False,7.05444965813294,0.028412774379780625
2022Q4,Health and social work,1170,0.1150314752217839,0.1547983353823041,False,super_deduction,0.247,0.05,False,7.064759027791802,0.028412774379780625
2023Q1,Health and social work,1494,0.1150314752217839,0.1547983353823041,False,super_deduction,0.247,0.05,False,7.309212365692763,0.028412774379780625
2023Q2,Health and social work,1217,0.1150314752217839,0.1547983353823041,False,full_expensing,0.25,0.05,False,7.104144092987527,0.028757868805445976
2023Q3,Health and social work,1062,0.1150314752217839,0.1547983353823041,False,full_expensing,0.25,0.05,False,6.967909201801884,0.028757868805445976
2023Q4,Health and social work,1080,0.1150314752217839,0.1547983353823041,False,full_expensing,0.25,0.05,False,6.984716320118266,0.028757868805445976
2024Q1,Health and social work,1047,0.1150314752217839,0.1547983353823041,False,full_expensing,0.25,0.05,False,6.953684210870537,0.028757868805445976
2024Q2,Health and social work,1061,0.1150314752217839,0.1547983353823041,False,full_expensing,0.25,0.05,False,6.966967138613983,0.028757868805445976
2024Q3,Health and social work,954,0.1150314752217839,0.1547983353823041,False,full_expensing,0.25,0.05,False,6.860663671448287,0.028757868805445976
2024Q4,Health and social work,779,0.1150314752217839,0.1547983353823041,False,full_expensing,0.25,0.05,False,6.658011045870748,0.028757868805445976
2025Q1,Health and social work,1115,0.1150314752217839,0.1547983353823041,False,full_expensing,0.25,0.05,False,7.016609683894219,0.028757868805445976
2025Q2,Health and social work,1049,0.1150314752217839,0.1547983353823041,False,full_expensing,0.25,0.05,False,6.955592608396297,0.028757868805445976
2025Q3,Health and social work,1033,0.1150314752217839,0.1547983353823041,False,full_expensing,0.25,0.05,False,6.940222469119639,0.028757868805445976
2025Q4,Health and social work,1164,0.1150314752217839,0.1547983353823041,False,full_expensing,0.25,0.05,False,7.059617628291383,0.028757868805445976
2026Q1,Health and social work,1180,0.1150314752217839,0.1547983353823041,False,full_expensing,0.25,0.05,False,7.07326971745971,0.028757868805445976
2015Q1,Hotels and restaurants,1290,0.1189874132417052,0.1380098528065959,False,pre,0.148695652173913,0.05,False,7.162397497355718,0.017692911012462245
2015Q2,Hotels and restaurants,1287,0.1189874132417052,0.1380098528065959,False,pre,0.148695652173913,0.05,False,7.160069207596127,0.017692911012462245
2015Q3,Hotels and restaurants,1481,0.1189874132417052,0.1380098528065959,False,pre,0.148695652173913,0.05,False,7.300472814267799,0.017692911012462245
2015Q4,Hotels and restaurants,1694,0.1189874132417052,0.1380098528065959,False,pre,0.148695652173913,0.05,False,7.434847875211999,0.017692911012462245
2016Q1,Hotels and restaurants,1675,0.1189874132417052,0.1380098528065959,False,pre,0.148695652173913,0.05,False,7.423568444259167,0.017692911012462245
2016Q2,Hotels and restaurants,1608,0.1189874132417052,0.1380098528065959,False,pre,0.148695652173913,0.05,False,7.382746449738912,0.017692911012462245
2016Q3,Hotels and restaurants,1850,0.1189874132417052,0.1380098528065959,False,pre,0.148695652173913,0.05,False,7.52294091807237,0.017692911012462245
2016Q4,Hotels and restaurants,1673,0.1189874132417052,0.1380098528065959,False,pre,0.148695652173913,0.05,False,7.422373700986824,0.017692911012462245
2017Q1,Hotels and restaurants,1831,0.1189874132417052,0.1380098528065959,False,pre,0.148695652173913,0.05,False,7.5126175446745105,0.017692911012462245
2017Q2,Hotels and restaurants,1815,0.1189874132417052,0.1380098528065959,False,pre,0.148695652173913,0.05,False,7.503840746698951,0.017692911012462245
2017Q3,Hotels and restaurants,1702,0.1189874132417052,0.1380098528065959,False,pre,0.148695652173913,0.05,False,7.43955930913332,0.017692911012462245
2017Q4,Hotels and restaurants,1449,0.1189874132417052,0.1380098528065959,False,pre,0.148695652173913,0.05,False,7.278628942320682,0.017692911012462245
2018Q1,Hotels and restaurants,1723,0.1189874132417052,0.1380098528065959,False,pre,0.148695652173913,0.05,False,7.45182223652793,0.017692911012462245
2018Q2,Hotels and restaurants,1676,0.1189874132417052,0.1380098528065959,False,pre,0.148695652173913,0.05,False,7.424165281042028,0.017692911012462245
2018Q3,Hotels and restaurants,1711,0.1189874132417052,0.1380098528065959,False,pre,0.148695652173913,0.05,False,7.444833273892193,0.017692911012462245
2018Q4,Hotels and restaurants,1910,0.1189874132417052,0.1380098528065959,False,pre,0.148695652173913,0.05,False,7.554858521040676,0.017692911012462245
2019Q1,Hotels and restaurants,1701,0.1189874132417052,0.1380098528065959,False,pre,0.148695652173913,0.05,False,7.438971592395862,0.017692911012462245
2019Q2,Hotels and restaurants,1526,0.1189874132417052,0.1380098528065959,False,pre,0.148695652173913,0.05,False,7.330405211844402,0.017692911012462245
2019Q3,Hotels and restaurants,1503,0.1189874132417052,0.1380098528065959,False,pre,0.148695652173913,0.05,False,7.315218389752975,0.017692911012462245
2019Q4,Hotels and restaurants,1637,0.1189874132417052,0.1380098528065959,False,pre,0.148695652173913,0.05,False,7.400620577371135,0.017692911012462245
2020Q1,Hotels and restaurants,1879,0.1189874132417052,0.1380098528065959,False,pre,0.148695652173913,0.05,False,7.538494999413465,0.017692911012462245
2021Q1,Hotels and restaurants,743,0.1189874132417052,0.1380098528065959,False,pre,0.148695652173913,0.05,False,6.610696044717759,0.017692911012462245
2021Q2,Hotels and restaurants,1052,0.1189874132417052,0.1380098528065959,False,super_deduction,0.247,0.05,False,6.9584483932976555,0.029389891070701182
2021Q3,Hotels and restaurants,1039,0.1189874132417052,0.1380098528065959,False,super_deduction,0.247,0.05,False,6.946013991099227,0.029389891070701182
2021Q4,Hotels and restaurants,1317,0.1189874132417052,0.1380098528065959,False,super_deduction,0.247,0.05,False,7.183111701743281,0.029389891070701182
2022Q1,Hotels and restaurants,1309,0.1189874132417052,0.1380098528065959,False,super_deduction,0.247,0.05,False,7.1770187659099,0.029389891070701182
2022Q2,Hotels and restaurants,1677,0.1189874132417052,0.1380098528065959,False,super_deduction,0.247,0.05,False,7.424761761823209,0.029389891070701182
2022Q3,Hotels and restaurants,1304,0.1189874132417052,0.1380098528065959,False,super_deduction,0.247,0.05,False,7.1731917424865985,0.029389891070701182
2022Q4,Hotels and restaurants,1629,0.1189874132417052,0.1380098528065959,False,super_deduction,0.247,0.05,False,7.395721608602045,0.029389891070701182
2023Q1,Hotels and restaurants,1417,0.1189874132417052,0.1380098528065959,False,super_deduction,0.247,0.05,False,7.256297239690681,0.029389891070701182
2023Q2,Hotels and restaurants,1363,0.1189874132417052,0.1380098528065959,False,full_expensing,0.25,0.05,False,7.217443431696533,0.0297468533104263
2023Q3,Hotels and restaurants,1435,0.1189874132417052,0.1380098528065959,False,full_expensing,0.25,0.05,False,7.268920128193722,0.0297468533104263
2023Q4,Hotels and restaurants,1300,0.1189874132417052,0.1380098528065959,False,full_expensing,0.25,0.05,False,7.170119543449628,0.0297468533104263
2024Q1,Hotels and restaurants,1718,0.1189874132417052,0.1380098528065959,False,full_expensing,0.25,0.05,False,7.4489161025442,0.0297468533104263
2024Q2,Hotels and restaurants,1951,0.1189874132417052,0.1380098528065959,False,full_expensing,0.25,0.05,False,7.576097340623111,0.0297468533104263
2024Q3,Hotels and restaurants,1478,0.1189874132417052,0.1380098528065959,False,full_expensing,0.25,0.05,False,7.298445101508147,0.0297468533104263
2024Q4,Hotels and restaurants,1560,0.1189874132417052,0.1380098528065959,False,full_expensing,0.25,0.05,False,7.352441100243583,0.0297468533104263
2025Q1,Hotels and restaurants,1374,0.1189874132417052,0.1380098528065959,False,full_expensing,0.25,0.05,False,7.2254814727822945,0.0297468533104263
2025Q2,Hotels and restaurants,1671,0.1189874132417052,0.1380098528065959,False,full_expensing,0.25,0.05,False,7.421177528595393,0.0297468533104263
2025Q3,Hotels and restaurants,1913,0.1189874132417052,0.1380098528065959,False,full_expensing,0.25,0.05,False,7.556427969440253,0.0297468533104263
2025Q4,Hotels and restaurants,1763,0.1189874132417052,0.1380098528065959,False,full_expensing,0.25,0.05,False,7.47477218239787,0.0297468533104263
2026Q1,Hotels and restaurants,1648,0.1189874132417052,0.1380098528065959,False,full_expensing,0.25,0.05,False,7.4073177104694174,0.0297468533104263
2015Q1,Information and communication,5020,0.3182919807720633,0.3277649897326042,False,pre,0.148695652173913,0.05,False,8.521185212685776,0.04732863366262853
2015Q2,Information and communication,5372,0.3182919807720633,0.3277649897326042,False,pre,0.148695652173913,0.05,False,8.588955557643128,0.04732863366262853
2015Q3,Information and communication,5582,0.3182919807720633,0.3277649897326042,False,pre,0.148695652173913,0.05,False,8.627302414096267,0.04732863366262853
2015Q4,Information and communication,6311,0.3182919807720633,0.3277649897326042,False,pre,0.148695652173913,0.05,False,8.75004942158424,0.04732863366262853
2016Q1,Information and communication,7629,0.3182919807720633,0.3277649897326042,False,pre,0.148695652173913,0.05,False,8.93971205409023,0.04732863366262853
2016Q2,Information and communication,7931,0.3182919807720633,0.3277649897326042,False,pre,0.148695652173913,0.05,False,8.97853441008332,0.04732863366262853
2016Q3,Information and communication,8566,0.3182919807720633,0.3277649897326042,False,pre,0.148695652173913,0.05,False,9.055556158175316,0.04732863366262853
2016Q4,Information and communication,8386,0.3182919807720633,0.3277649897326042,False,pre,0.148695652173913,0.05,False,9.034318927730707,0.04732863366262853
2017Q1,Information and communication,8687,0.3182919807720633,0.3277649897326042,False,pre,0.148695652173913,0.05,False,9.06958293425992,0.04732863366262853
2017Q2,Information and communication,8841,0.3182919807720633,0.3277649897326042,False,pre,0.148695652173913,0.05,False,9.087155271405804,0.04732863366262853
2017Q3,Information and communication,8371,0.3182919807720633,0.3277649897326042,False,pre,0.148695652173913,0.05,False,9.032528630660057,0.04732863366262853
2017Q4,Information and communication,8158,0.3182919807720633,0.3277649897326042,False,pre,0.148695652173913,0.05,False,9.006754319877503,0.04732863366262853
2018Q1,Information and communication,7708,0.3182919807720633,0.3277649897326042,False,pre,0.148695652173913,0.05,False,8.950014029534257,0.04732863366262853
2018Q2,Information and communication,7613,0.3182919807720633,0.3277649897326042,False,pre,0.148695652173913,0.05,False,8.937612591306213,0.04732863366262853
2018Q3,Information and communication,7421,0.3182919807720633,0.3277649897326042,False,pre,0.148695652173913,0.05,False,8.912069097970134,0.04732863366262853
2018Q4,Information and communication,7509,0.3182919807720633,0.3277649897326042,False,pre,0.148695652173913,0.05,False,8.923857580099885,0.04732863366262853
2019Q1,Information and communication,7220,0.3182919807720633,0.3277649897326042,False,pre,0.148695652173913,0.05,False,8.884610231886873,0.04732863366262853
2019Q2,Information and communication,7673,0.3182919807720633,0.3277649897326042,False,pre,0.148695652173913,0.05,False,8.945462952177666,0.04732863366262853
2019Q3,Information and communication,7703,0.3182919807720633,0.3277649897326042,False,pre,0.148695652173913,0.05,False,8.949365142352965,0.04732863366262853
2019Q4,Information and communication,7180,0.3182919807720633,0.3277649897326042,False,pre,0.148695652173913,0.05,False,8.87905466204227,0.04732863366262853
2020Q1,Information and communication,7344,0.3182919807720633,0.3277649897326042,False,pre,0.148695652173913,0.05,False,8.901638932300326,0.04732863366262853
2021Q1,Information and communication,7448,0.3182919807720633,0.3277649897326042,False,pre,0.148695652173913,0.05,False,8.915700818956903,0.04732863366262853
2021Q2,Information and communication,7895,0.3182919807720633,0.3277649897326042,False,super_deduction,0.247,0.05,False,8.973984926689743,0.07861811925069963
2021Q3,Information and communication,7565,0.3182919807720633,0.3277649897326042,False,super_deduction,0.247,0.05,False,8.931287626222456,0.07861811925069963
2021Q4,Information and communication,8351,0.3182919807720633,0.3277649897326042,False,super_deduction,0.247,0.05,False,9.03013657115323,0.07861811925069963
2022Q1,Information and communication,8827,0.3182919807720633,0.3277649897326042,False,super_deduction,0.247,0.05,False,9.085570485020233,0.07861811925069963
2022Q2,Information and communication,8378,0.3182919807720633,0.3277649897326042,False,super_deduction,0.247,0.05,False,9.03336450150698,0.07861811925069963
2022Q3,Information and communication,8311,0.3182919807720633,0.3277649897326042,False,super_deduction,0.247,0.05,False,9.025335217553026,0.07861811925069963
2022Q4,Information and communication,7514,0.3182919807720633,0.3277649897326042,False,super_deduction,0.247,0.05,False,8.924523226133914,0.07861811925069963
2023Q1,Information and communication,8247,0.3182919807720633,0.3277649897326042,False,super_deduction,0.247,0.05,False,9.017604776833355,0.07861811925069963
2023Q2,Information and communication,8494,0.3182919807720633,0.3277649897326042,False,full_expensing,0.25,0.05,False,9.047115310873217,0.07957299519301582
2023Q3,Information and communication,8026,0.3182919807720633,0.3277649897326042,False,full_expensing,0.25,0.05,False,8.990441550826862,0.07957299519301582
2023Q4,Information and communication,7817,0.3182919807720633,0.3277649897326042,False,full_expensing,0.25,0.05,False,8.96405612822033,0.07957299519301582
2024Q1,Information and communication,9449,0.3182919807720633,0.3277649897326042,False,full_expensing,0.25,0.05,False,9.153664194782626,0.07957299519301582
2024Q2,Information and communication,9246,0.3182919807720633,0.3277649897326042,False,full_expensing,0.25,0.05,False,9.13194630454817,0.07957299519301582
2024Q3,Information and communication,9871,0.3182919807720633,0.3277649897326042,False,full_expensing,0.25,0.05,False,9.197356444417888,0.07957299519301582
2024Q4,Information and communication,9409,0.3182919807720633,0.3277649897326042,False,full_expensing,0.25,0.05,False,9.149421957006766,0.07957299519301582
2025Q1,Information and communication,9701,0.3182919807720633,0.3277649897326042,False,full_expensing,0.25,0.05,False,9.179984251961283,0.07957299519301582
2025Q2,Information and communication,9430,0.3182919807720633,0.3277649897326042,False,full_expensing,0.25,0.05,False,9.151651375627504,0.07957299519301582
2025Q3,Information and communication,9944,0.3182919807720633,0.3277649897326042,False,full_expensing,0.25,0.05,False,9.204724633190548,0.07957299519301582
2025Q4,Information and communication,8346,0.3182919807720633,0.3277649897326042,False,full_expensing,0.25,0.05,False,9.029537661151497,0.07957299519301582
2026Q1,Information and communication,8284,0.3182919807720633,0.3277649897326042,False,full_expensing,0.25,0.05,False,9.022081222515475,0.07957299519301582
2015Q1,Metals and metal goods,680,0.6506179725802191,0.695911134308757,True,pre,0.148695652173913,0.05,False,6.522092798170152,0.09674406374888474
2015Q2,Metals and metal goods,672,0.6506179725802191,0.695911134308757,True,pre,0.148695652173913,0.05,False,6.51025834052315,0.09674406374888474
2015Q3,Metals and metal goods,715,0.6506179725802191,0.695911134308757,True,pre,0.148695652173913,0.05,False,6.5722825426940075,0.09674406374888474
2015Q4,Metals and metal goods,764,0.6506179725802191,0.695911134308757,True,pre,0.148695652173913,0.05,False,6.638567789166521,0.09674406374888474
2016Q1,Metals and metal goods,628,0.6506179725802191,0.695911134308757,True,pre,0.148695652173913,0.05,False,6.4425401664681985,0.09674406374888474
2016Q2,Metals and metal goods,634,0.6506179725802191,0.695911134308757,True,pre,0.148695652173913,0.05,False,6.452048954437226,0.09674406374888474
2016Q3,Metals and metal goods,654,0.6506179725802191,0.695911134308757,True,pre,0.148695652173913,0.05,False,6.483107351457199,0.09674406374888474
2016Q4,Metals and metal goods,686,0.6506179725802191,0.695911134308757,True,pre,0.148695652173913,0.05,False,6.530877627725885,0.09674406374888474
2017Q1,Metals and metal goods,703,0.6506179725802191,0.695911134308757,True,pre,0.148695652173913,0.05,False,6.555356891810665,0.09674406374888474
2017Q2,Metals and metal goods,834,0.6506179725802191,0.695911134308757,True,pre,0.148695652173913,0.05,False,6.726233402358747,0.09674406374888474
2017Q3,Metals and metal goods,794,0.6506179725802191,0.695911134308757,True,pre,0.148695652173913,0.05,False,6.677083461247136,0.09674406374888474
2017Q4,Metals and metal goods,769,0.6506179725802191,0.695911134308757,True,pre,0.148695652173913,0.05,False,6.645090969505644,0.09674406374888474
2018Q1,Metals and metal goods,779,0.6506179725802191,0.695911134308757,True,pre,0.148695652173913,0.05,False,6.658011045870748,0.09674406374888474
2018Q2,Metals and metal goods,698,0.6506179725802191,0.695911134308757,True,pre,0.148695652173913,0.05,False,6.548219102762372,0.09674406374888474
2018Q3,Metals and metal goods,702,0.6506179725802191,0.695911134308757,True,pre,0.148695652173913,0.05,False,6.553933404025811,0.09674406374888474
2018Q4,Metals and metal goods,662,0.6506179725802191,0.695911134308757,True,pre,0.148695652173913,0.05,False,6.495265555937008,0.09674406374888474
2019Q1,Metals and metal goods,782,0.6506179725802191,0.695911134308757,True,pre,0.148695652173913,0.05,False,6.661854740545311,0.09674406374888474
2019Q2,Metals and metal goods,799,0.6506179725802191,0.695911134308757,True,pre,0.148695652173913,0.05,False,6.683360945766275,0.09674406374888474
2019Q3,Metals and metal goods,900,0.6506179725802191,0.695911134308757,True,pre,0.148695652173913,0.05,False,6.802394763324311,0.09674406374888474
2019Q4,Metals and metal goods,827,0.6506179725802191,0.695911134308757,True,pre,0.148695652173913,0.05,False,6.717804695023691,0.09674406374888474
2020Q1,Metals and metal goods,995,0.6506179725802191,0.695911134308757,True,pre,0.148695652173913,0.05,False,6.902742737158593,0.09674406374888474
2021Q1,Metals and metal goods,758,0.6506179725802191,0.695911134308757,True,pre,0.148695652173913,0.05,False,6.630683385642372,0.09674406374888474
2021Q2,Metals and metal goods,848,0.6506179725802191,0.695911134308757,True,super_deduction,0.247,0.05,False,6.742880635791903,0.16070263922731412
2021Q3,Metals and metal goods,862,0.6506179725802191,0.695911134308757,True,super_deduction,0.247,0.05,False,6.759255270663693,0.16070263922731412
2021Q4,Metals and metal goods,930,0.6506179725802191,0.695911134308757,True,super_deduction,0.247,0.05,False,6.835184586147301,0.16070263922731412
2022Q1,Metals and metal goods,926,0.6506179725802191,0.695911134308757,True,super_deduction,0.247,0.05,False,6.8308742346461795,0.16070263922731412
2022Q2,Metals and metal goods,925,0.6506179725802191,0.695911134308757,True,super_deduction,0.247,0.05,False,6.829793737512425,0.16070263922731412
2022Q3,Metals and metal goods,938,0.6506179725802191,0.695911134308757,True,super_deduction,0.247,0.05,False,6.843749949006225,0.16070263922731412
2022Q4,Metals and metal goods,939,0.6506179725802191,0.695911134308757,True,super_deduction,0.247,0.05,False,6.844815479208263,0.16070263922731412
2023Q1,Metals and metal goods,896,0.6506179725802191,0.695911134308757,True,super_deduction,0.247,0.05,False,6.79794041297493,0.16070263922731412
2023Q2,Metals and metal goods,883,0.6506179725802191,0.695911134308757,True,full_expensing,0.25,0.05,False,6.78332520060396,0.16265449314505478
2023Q3,Metals and metal goods,771,0.6506179725802191,0.695911134308757,True,full_expensing,0.25,0.05,False,6.647688373563329,0.16265449314505478
2023Q4,Metals and metal goods,675,0.6506179725802191,0.695911134308757,True,full_expensing,0.25,0.05,False,6.51471269087253,0.16265449314505478
2024Q1,Metals and metal goods,731,0.6506179725802191,0.695911134308757,True,full_expensing,0.25,0.05,False,6.594413459749778,0.16265449314505478
2024Q2,Metals and metal goods,632,0.6506179725802191,0.695911134308757,True,full_expensing,0.25,0.05,False,6.448889394146858,0.16265449314505478
2024Q3,Metals and metal goods,607,0.6506179725802191,0.695911134308757,True,full_expensing,0.25,0.05,False,6.408528791059498,0.16265449314505478
2024Q4,Metals and metal goods,607,0.6506179725802191,0.695911134308757,True,full_expensing,0.25,0.05,False,6.408528791059498,0.16265449314505478
2025Q1,Metals and metal goods,622,0.6506179725802191,0.695911134308757,True,full_expensing,0.25,0.05,False,6.432940092739179,0.16265449314505478
2025Q2,Metals and metal goods,586,0.6506179725802191,0.695911134308757,True,full_expensing,0.25,0.05,False,6.373319789577012,0.16265449314505478
2025Q3,Metals and metal goods,587,0.6506179725802191,0.695911134308757,True,full_expensing,0.25,0.05,False,6.375024819828097,0.16265449314505478
2025Q4,Metals and metal goods,600,0.6506179725802191,0.695911134308757,True,full_expensing,0.25,0.05,False,6.396929655216146,0.16265449314505478
2026Q1,Metals and metal goods,612,0.6506179725802191,0.695911134308757,True,full_expensing,0.25,0.05,False,6.416732282512326,0.16265449314505478
2015Q1,Mining and Quarrying,4572,0.3279264059550991,0.3376529082412486,False,pre,0.148695652173913,0.05,False,8.427706024914702,0.048761230798540806
2015Q2,Mining and Quarrying,4356,0.3279264059550991,0.3376529082412486,False,pre,0.148695652173913,0.05,False,8.37930948405285,0.048761230798540806
2015Q3,Mining and Quarrying,4793,0.3279264059550991,0.3376529082412486,False,pre,0.148695652173913,0.05,False,8.474911799159631,0.048761230798540806
2015Q4,Mining and Quarrying,4438,0.3279264059550991,0.3376529082412486,False,pre,0.148695652173913,0.05,False,8.39795910349254,0.048761230798540806
2016Q1,Mining and Quarrying,4342,0.3279264059550991,0.3376529082412486,False,pre,0.148695652173913,0.05,False,8.376090350438238,0.048761230798540806
2016Q2,Mining and Quarrying,5293,0.3279264059550991,0.3376529082412486,False,pre,0.148695652173913,0.05,False,8.574140471857987,0.048761230798540806
2016Q3,Mining and Quarrying,4007,0.3279264059550991,0.3376529082412486,False,pre,0.148695652173913,0.05,False,8.295798110636145,0.048761230798540806
2016Q4,Mining and Quarrying,3070,0.3279264059550991,0.3376529082412486,False,pre,0.148695652173913,0.05,False,8.029432840581244,0.048761230798540806
2017Q1,Mining and Quarrying,2632,0.3279264059550991,0.3376529082412486,False,pre,0.148695652173913,0.05,False,7.875499292445208,0.048761230798540806
2017Q2,Mining and Quarrying,2089,0.3279264059550991,0.3376529082412486,False,pre,0.148695652173913,0.05,False,7.644440761556566,0.048761230798540806
2017Q3,Mining and Quarrying,1778,0.3279264059550991,0.3376529082412486,False,pre,0.148695652173913,0.05,False,7.48324441607385,0.048761230798540806
2017Q4,Mining and Quarrying,1977,0.3279264059550991,0.3376529082412486,False,pre,0.148695652173913,0.05,False,7.589335823170617,0.048761230798540806
2018Q1,Mining and Quarrying,1616,0.3279264059550991,0.3376529082412486,False,pre,0.148695652173913,0.05,False,7.38770923908104,0.048761230798540806
2018Q2,Mining and Quarrying,2660,0.3279264059550991,0.3376529082412486,False,pre,0.148695652173913,0.05,False,7.886081401775745,0.048761230798540806
2018Q3,Mining and Quarrying,2246,0.3279264059550991,0.3376529082412486,False,pre,0.148695652173913,0.05,False,7.716906135298388,0.048761230798540806
2018Q4,Mining and Quarrying,2838,0.3279264059550991,0.3376529082412486,False,pre,0.148695652173913,0.05,False,7.950854857719988,0.048761230798540806
2019Q1,Mining and Quarrying,3045,0.3279264059550991,0.3376529082412486,False,pre,0.148695652173913,0.05,False,8.021256180143997,0.048761230798540806
2019Q2,Mining and Quarrying,2122,0.3279264059550991,0.3376529082412486,False,pre,0.148695652173913,0.05,False,7.660114319173928,0.048761230798540806
2019Q3,Mining and Quarrying,2010,0.3279264059550991,0.3376529082412486,False,pre,0.148695652173913,0.05,False,7.605890001053122,0.048761230798540806
2019Q4,Mining and Quarrying,1992,0.3279264059550991,0.3376529082412486,False,pre,0.148695652173913,0.05,False,7.596894438144544,0.048761230798540806
2020Q1,Mining and Quarrying,1773,0.3279264059550991,0.3376529082412486,False,pre,0.148695652173913,0.05,False,7.480428306074208,0.048761230798540806
2021Q1,Mining and Quarrying,1635,0.3279264059550991,0.3376529082412486,False,pre,0.148695652173913,0.05,False,7.399398083331354,0.048761230798540806
2021Q2,Mining and Quarrying,1623,0.3279264059550991,0.3376529082412486,False,super_deduction,0.247,0.05,False,7.392031567514591,0.08099782227090947
2021Q3,Mining and Quarrying,1610,0.3279264059550991,0.3376529082412486,False,super_deduction,0.247,0.05,False,7.383989457978509,0.08099782227090947
2021Q4,Mining and Quarrying,1907,0.3279264059550991,0.3376529082412486,False,super_deduction,0.247,0.05,False,7.553286605600419,0.08099782227090947
2022Q1,Mining and Quarrying,1485,0.3279264059550991,0.3376529082412486,False,super_deduction,0.247,0.05,False,7.3031700512368,0.08099782227090947
2022Q2,Mining and Quarrying,1542,0.3279264059550991,0.3376529082412486,False,super_deduction,0.247,0.05,False,7.340835554123275,0.08099782227090947
2022Q3,Mining and Quarrying,1748,0.3279264059550991,0.3376529082412486,False,super_deduction,0.247,0.05,False,7.466227556215481,0.08099782227090947
2022Q4,Mining and Quarrying,1467,0.3279264059550991,0.3376529082412486,False,super_deduction,0.247,0.05,False,7.2909747781429814,0.08099782227090947
2023Q1,Mining and Quarrying,1757,0.3279264059550991,0.3376529082412486,False,super_deduction,0.247,0.05,False,7.471363088187097,0.08099782227090947
2023Q2,Mining and Quarrying,1776,0.3279264059550991,0.3376529082412486,False,full_expensing,0.25,0.05,False,7.4821189235521155,0.08198160148877477
2023Q3,Mining and Quarrying,1654,0.3279264059550991,0.3376529082412486,False,full_expensing,0.25,0.05,False,7.4109518755836366,0.08198160148877477
2023Q4,Mining and Quarrying,1651,0.3279264059550991,0.3376529082412486,False,full_expensing,0.25,0.05,False,7.409136443920128,0.08198160148877477
2024Q1,Mining and Quarrying,1474,0.3279264059550991,0.3376529082412486,False,full_expensing,0.25,0.05,False,7.295735072749282,0.08198160148877477
2024Q2,Mining and Quarrying,1593,0.3279264059550991,0.3376529082412486,False,full_expensing,0.25,0.05,False,7.373374309910049,0.08198160148877477
2024Q3,Mining and Quarrying,1666,0.3279264059550991,0.3376529082412486,False,full_expensing,0.25,0.05,False,7.418180822726788,0.08198160148877477
2024Q4,Mining and Quarrying,1623,0.3279264059550991,0.3376529082412486,False,full_expensing,0.25,0.05,False,7.392031567514591,0.08198160148877477
2025Q1,Mining and Quarrying,1533,0.3279264059550991,0.3376529082412486,False,full_expensing,0.25,0.05,False,7.334981878871814,0.08198160148877477
2025Q2,Mining and Quarrying,1406,0.3279264059550991,0.3376529082412486,False,full_expensing,0.25,0.05,False,7.2485040723706105,0.08198160148877477
2025Q3,Mining and Quarrying,1311,0.3279264059550991,0.3376529082412486,False,full_expensing,0.25,0.05,False,7.1785454837637,0.08198160148877477
2025Q4,Mining and Quarrying,1338,0.3279264059550991,0.3376529082412486,False,full_expensing,0.25,0.05,False,7.198931240688173,0.08198160148877477
2026Q1,Mining and Quarrying,1264,0.3279264059550991,0.3376529082412486,False,full_expensing,0.25,0.05,False,7.142036574706803,0.08198160148877477
2015Q1,Other manufacturing,1305,0.5475653742110009,0.6271158895931163,True,pre,0.148695652173913,0.05,False,7.173958319756794,0.08142059042615751
2015Q2,Other manufacturing,1392,0.5475653742110009,0.6271158895931163,True,pre,0.148695652173913,0.05,False,7.238496840894365,0.08142059042615751
2015Q3,Other manufacturing,1250,0.5475653742110009,0.6271158895931163,True,pre,0.148695652173913,0.05,False,7.1308988302963465,0.08142059042615751
2015Q4,Other manufacturing,1291,0.5475653742110009,0.6271158895931163,True,pre,0.148695652173913,0.05,False,7.1631723908466425,0.08142059042615751
2016Q1,Other manufacturing,1211,0.5475653742110009,0.6271158895931163,True,pre,0.148695652173913,0.05,False,7.099201743553092,0.08142059042615751
2016Q2,Other manufacturing,1379,0.5475653742110009,0.6271158895931163,True,pre,0.148695652173913,0.05,False,7.229113877793302,0.08142059042615751
2016Q3,Other manufacturing,1416,0.5475653742110009,0.6271158895931163,True,pre,0.148695652173913,0.05,False,7.255591274253665,0.08142059042615751
2016Q4,Other manufacturing,1447,0.5475653742110009,0.6271158895931163,True,pre,0.148695652173913,0.05,False,7.277247726631484,0.08142059042615751
2017Q1,Other manufacturing,1451,0.5475653742110009,0.6271158895931163,True,pre,0.148695652173913,0.05,False,7.280008252884188,0.08142059042615751
2017Q2,Other manufacturing,1329,0.5475653742110009,0.6271158895931163,True,pre,0.148695652173913,0.05,False,7.192182058713246,0.08142059042615751
2017Q3,Other manufacturing,1351,0.5475653742110009,0.6271158895931163,True,pre,0.148695652173913,0.05,False,7.208600337960199,0.08142059042615751
2017Q4,Other manufacturing,1400,0.5475653742110009,0.6271158895931163,True,pre,0.148695652173913,0.05,False,7.24422751560335,0.08142059042615751
2018Q1,Other manufacturing,1519,0.5475653742110009,0.6271158895931163,True,pre,0.148695652173913,0.05,False,7.325807502595773,0.08142059042615751
2018Q2,Other manufacturing,1541,0.5475653742110009,0.6271158895931163,True,pre,0.148695652173913,0.05,False,7.340186835320115,0.08142059042615751
2018Q3,Other manufacturing,1591,0.5475653742110009,0.6271158895931163,True,pre,0.148695652173913,0.05,False,7.372118028337787,0.08142059042615751
2018Q4,Other manufacturing,1411,0.5475653742110009,0.6271158895931163,True,pre,0.148695652173913,0.05,False,7.252053951852814,0.08142059042615751
2019Q1,Other manufacturing,1535,0.5475653742110009,0.6271158895931163,True,pre,0.148695652173913,0.05,False,7.336285660021297,0.08142059042615751
2019Q2,Other manufacturing,1568,0.5475653742110009,0.6271158895931163,True,pre,0.148695652173913,0.05,False,7.357556200910353,0.08142059042615751
2019Q3,Other manufacturing,1428,0.5475653742110009,0.6271158895931163,True,pre,0.148695652173913,0.05,False,7.2640301428995295,0.08142059042615751
2019Q4,Other manufacturing,1518,0.5475653742110009,0.6271158895931163,True,pre,0.148695652173913,0.05,False,7.325148957955575,0.08142059042615751
2020Q1,Other manufacturing,1361,0.5475653742110009,0.6271158895931163,True,pre,0.148695652173913,0.05,False,7.215975002651466,0.08142059042615751
2021Q1,Other manufacturing,1623,0.5475653742110009,0.6271158895931163,True,pre,0.148695652173913,0.05,False,7.392031567514591,0.08142059042615751
2021Q2,Other manufacturing,1714,0.5475653742110009,0.6271158895931163,True,super_deduction,0.247,0.05,False,7.446585099157725,0.13524864743011722
2021Q3,Other manufacturing,1727,0.5475653742110009,0.6271158895931163,True,super_deduction,0.247,0.05,False,7.454141078146678,0.13524864743011722
2021Q4,Other manufacturing,1668,0.5475653742110009,0.6271158895931163,True,super_deduction,0.247,0.05,False,7.419380582918692,0.13524864743011722
2022Q1,Other manufacturing,1554,0.5475653742110009,0.6271158895931163,True,super_deduction,0.247,0.05,False,7.348587530927593,0.13524864743011722
2022Q2,Other manufacturing,1695,0.5475653742110009,0.6271158895931163,True,super_deduction,0.247,0.05,False,7.43543801981455,0.13524864743011722
2022Q3,Other manufacturing,1420,0.5475653742110009,0.6271158895931163,True,super_deduction,0.247,0.05,False,7.258412150595307,0.13524864743011722
2022Q4,Other manufacturing,1380,0.5475653742110009,0.6271158895931163,True,super_deduction,0.247,0.05,False,7.22983877815125,0.13524864743011722
2023Q1,Other manufacturing,1442,0.5475653742110009,0.6271158895931163,True,super_deduction,0.247,0.05,False,7.273786317844895,0.13524864743011722
2023Q2,Other manufacturing,1473,0.5475653742110009,0.6271158895931163,True,full_expensing,0.25,0.05,False,7.29505641646263,0.13689134355275023
2023Q3,Other manufacturing,1418,0.5475653742110009,0.6271158895931163,True,full_expensing,0.25,0.05,False,7.257002707092073,0.13689134355275023
2023Q4,Other manufacturing,1369,0.5475653742110009,0.6271158895931163,True,full_expensing,0.25,0.05,False,7.221835825288449,0.13689134355275023
2024Q1,Other manufacturing,1213,0.5475653742110009,0.6271158895931163,True,full_expensing,0.25,0.05,False,7.10085190894405,0.13689134355275023
2024Q2,Other manufacturing,1199,0.5475653742110009,0.6271158895931163,True,full_expensing,0.25,0.05,False,7.089243155027514,0.13689134355275023
2024Q3,Other manufacturing,1338,0.5475653742110009,0.6271158895931163,True,full_expensing,0.25,0.05,False,7.198931240688173,0.13689134355275023
2024Q4,Other manufacturing,1391,0.5475653742110009,0.6271158895931163,True,full_expensing,0.25,0.05,False,7.237778191923443,0.13689134355275023
2025Q1,Other manufacturing,1167,0.5475653742110009,0.6271158895931163,True,full_expensing,0.25,0.05,False,7.062191632286556,0.13689134355275023
2025Q2,Other manufacturing,1053,0.5475653742110009,0.6271158895931163,True,full_expensing,0.25,0.05,False,6.959398512133975,0.13689134355275023
2025Q3,Other manufacturing,1112,0.5475653742110009,0.6271158895931163,True,full_expensing,0.25,0.05,False,7.013915474810528,0.13689134355275023
2025Q4,Other manufacturing,1058,0.5475653742110009,0.6271158895931163,True,full_expensing,0.25,0.05,False,6.964135612418245,0.13689134355275023
2026Q1,Other manufacturing,761,0.5475653742110009,0.6271158895931163,True,full_expensing,0.25,0.05,False,6.634633357861686,0.13689134355275023
2015Q1,Other services,1282,0.240440032099606,0.3027827431313836,False,pre,0.148695652173913,0.05,False,7.156176637480615,0.03575238738176749
2015Q2,Other services,1327,0.240440032099606,0.3027827431313836,False,pre,0.148695652173913,0.05,False,7.190676034332207,0.03575238738176749
2015Q3,Other services,1441,0.240440032099606,0.3027827431313836,False,pre,0.148695652173913,0.05,False,7.273092595999522,0.03575238738176749
2015Q4,Other services,1699,0.240440032099606,0.3027827431313836,False,pre,0.148695652173913,0.05,False,7.4377951216719325,0.03575238738176749
2016Q1,Other services,1493,0.240440032099606,0.3027827431313836,False,pre,0.148695652173913,0.05,False,7.30854279753919,0.03575238738176749
2016Q2,Other services,1526,0.240440032099606,0.3027827431313836,False,pre,0.148695652173913,0.05,False,7.330405211844402,0.03575238738176749
2016Q3,Other services,1647,0.240440032099606,0.3027827431313836,False,pre,0.148695652173913,0.05,False,7.4067107301776405,0.03575238738176749
2016Q4,Other services,1656,0.240440032099606,0.3027827431313836,False,pre,0.148695652173913,0.05,False,7.412160334945205,0.03575238738176749
2017Q1,Other services,1955,0.240440032099606,0.3027827431313836,False,pre,0.148695652173913,0.05,False,7.578145472419466,0.03575238738176749
2017Q2,Other services,1701,0.240440032099606,0.3027827431313836,False,pre,0.148695652173913,0.05,False,7.438971592395862,0.03575238738176749
2017Q3,Other services,2183,0.240440032099606,0.3027827431313836,False,pre,0.148695652173913,0.05,False,7.688455356549944,0.03575238738176749
2017Q4,Other services,1798,0.240440032099606,0.3027827431313836,False,pre,0.148695652173913,0.05,False,7.494430215031565,0.03575238738176749
2018Q1,Other services,1913,0.240440032099606,0.3027827431313836,False,pre,0.148695652173913,0.05,False,7.556427969440253,0.03575238738176749
2018Q2,Other services,2118,0.240440032099606,0.3027827431313836,False,pre,0.148695652173913,0.05,False,7.658227526161352,0.03575238738176749
2018Q3,Other services,2350,0.240440032099606,0.3027827431313836,False,pre,0.148695652173913,0.05,False,7.762170607138205,0.03575238738176749
2018Q4,Other services,2092,0.240440032099606,0.3027827431313836,False,pre,0.148695652173913,0.05,False,7.645875825184813,0.03575238738176749
2019Q1,Other services,2029,0.240440032099606,0.3027827431313836,False,pre,0.148695652173913,0.05,False,7.615298339825815,0.03575238738176749
2019Q2,Other services,2030,0.240440032099606,0.3027827431313836,False,pre,0.148695652173913,0.05,False,7.615791072035833,0.03575238738176749
2019Q3,Other services,2014,0.240440032099606,0.3027827431313836,False,pre,0.148695652173913,0.05,False,7.607878073278507,0.03575238738176749
2019Q4,Other services,2506,0.240440032099606,0.3027827431313836,False,pre,0.148695652173913,0.05,False,7.826443135456014,0.03575238738176749
2020Q1,Other services,2272,0.240440032099606,0.3027827431313836,False,pre,0.148695652173913,0.05,False,7.7284157798410416,0.03575238738176749
2021Q1,Other services,1680,0.240440032099606,0.3027827431313836,False,pre,0.148695652173913,0.05,False,7.426549072397305,0.03575238738176749
2021Q2,Other services,1779,0.240440032099606,0.3027827431313836,False,super_deduction,0.247,0.05,False,7.483806687665835,0.059388687928602676
2021Q3,Other services,2014,0.240440032099606,0.3027827431313836,False,super_deduction,0.247,0.05,False,7.607878073278507,0.059388687928602676
2021Q4,Other services,1875,0.240440032099606,0.3027827431313836,False,super_deduction,0.247,0.05,False,7.536363938404511,0.059388687928602676
2022Q1,Other services,1714,0.240440032099606,0.3027827431313836,False,super_deduction,0.247,0.05,False,7.446585099157725,0.059388687928602676
2022Q2,Other services,1970,0.240440032099606,0.3027827431313836,False,super_deduction,0.247,0.05,False,7.585788821732034,0.059388687928602676
2022Q3,Other services,1925,0.240440032099606,0.3027827431313836,False,super_deduction,0.247,0.05,False,7.562681246721884,0.059388687928602676
2022Q4,Other services,2089,0.240440032099606,0.3027827431313836,False,super_deduction,0.247,0.05,False,7.644440761556566,0.059388687928602676
2023Q1,Other services,2203,0.240440032099606,0.3027827431313836,False,super_deduction,0.247,0.05,False,7.697575346802343,0.059388687928602676
2023Q2,Other services,2220,0.240440032099606,0.3027827431313836,False,full_expensing,0.25,0.05,False,7.705262474866325,0.0601100080249015
2023Q3,Other services,1984,0.240440032099606,0.3027827431313836,False,full_expensing,0.25,0.05,False,7.592870287844818,0.0601100080249015
2023Q4,Other services,2026,0.240440032099606,0.3027827431313836,False,full_expensing,0.25,0.05,False,7.613818684808629,0.0601100080249015
2024Q1,Other services,2067,0.240440032099606,0.3027827431313836,False,full_expensing,0.25,0.05,False,7.633853559681768,0.0601100080249015
2024Q2,Other services,2073,0.240440032099606,0.3027827431313836,False,full_expensing,0.25,0.05,False,7.636752112435779,0.0601100080249015
2024Q3,Other services,2144,0.240440032099606,0.3027827431313836,False,full_expensing,0.25,0.05,False,7.670428522190693,0.0601100080249015
2024Q4,Other services,2230,0.240440032099606,0.3027827431313836,False,full_expensing,0.25,0.05,False,7.709756864454165,0.0601100080249015
2025Q1,Other services,2046,0.240440032099606,0.3027827431313836,False,full_expensing,0.25,0.05,False,7.6236419465115715,0.0601100080249015
2025Q2,Other services,2135,0.240440032099606,0.3027827431313836,False,full_expensing,0.25,0.05,False,7.666221925662725,0.0601100080249015
2025Q3,Other services,2136,0.240440032099606,0.3027827431313836,False,full_expensing,0.25,0.05,False,7.666690200080086,0.0601100080249015
2025Q4,Other services,2059,0.240440032099606,0.3027827431313836,False,full_expensing,0.25,0.05,False,7.629975707027789,0.0601100080249015
2026Q1,Other services,2240,0.240440032099606,0.3027827431313836,False,full_expensing,0.25,0.05,False,7.7142311448490855,0.0601100080249015
2015Q1,"Real estate, renting and business",11823,0.1064066425393079,0.1099006497447279,False,pre,0.148695652173913,0.05,False,9.377802065863113,0.015822205108018822
2015Q2,"Real estate, renting and business",12323,0.1064066425393079,0.1099006497447279,False,pre,0.148695652173913,0.05,False,9.419222713938122,0.015822205108018822
2015Q3,"Real estate, renting and business",12206,0.1064066425393079,0.1099006497447279,False,pre,0.148695652173913,0.05,False,9.40968291310444,0.015822205108018822
2015Q4,"Real estate, renting and business",12486,0.1064066425393079,0.1099006497447279,False,pre,0.148695652173913,0.05,False,9.43236329562169,0.015822205108018822
2016Q1,"Real estate, renting and business",12567,0.1064066425393079,0.1099006497447279,False,pre,0.148695652173913,0.05,False,9.438829609615144,0.015822205108018822
2016Q2,"Real estate, renting and business",13322,0.1064066425393079,0.1099006497447279,False,pre,0.148695652173913,0.05,False,9.497172082973124,0.015822205108018822
2016Q3,"Real estate, renting and business",12685,0.1064066425393079,0.1099006497447279,False,pre,0.148695652173913,0.05,False,9.448175472033382,0.015822205108018822
2016Q4,"Real estate, renting and business",13313,0.1064066425393079,0.1099006497447279,False,pre,0.148695652173913,0.05,False,9.496496280431916,0.015822205108018822
2017Q1,"Real estate, renting and business",12369,0.1064066425393079,0.1099006497447279,False,pre,0.148695652173913,0.05,False,9.42294862137501,0.015822205108018822
2017Q2,"Real estate, renting and business",12093,0.1064066425393079,0.1099006497447279,False,pre,0.148695652173913,0.05,False,9.400382051785275,0.015822205108018822
2017Q3,"Real estate, renting and business",12443,0.1064066425393079,0.1099006497447279,False,pre,0.148695652173913,0.05,False,9.428913494775632,0.015822205108018822
2017Q4,"Real estate, renting and business",12972,0.1064066425393079,0.1099006497447279,False,pre,0.148695652173913,0.05,False,9.470548467427209,0.015822205108018822
2018Q1,"Real estate, renting and business",13230,0.1064066425393079,0.1099006497447279,False,pre,0.148695652173913,0.05,False,9.490242257109001,0.015822205108018822
2018Q2,"Real estate, renting and business",13253,0.1064066425393079,0.1099006497447279,False,pre,0.148695652173913,0.05,False,9.491979220880678,0.015822205108018822
2018Q3,"Real estate, renting and business",12567,0.1064066425393079,0.1099006497447279,False,pre,0.148695652173913,0.05,False,9.438829609615144,0.015822205108018822
2018Q4,"Real estate, renting and business",12392,0.1064066425393079,0.1099006497447279,False,pre,0.148695652173913,0.05,False,9.424806382096705,0.015822205108018822
2019Q1,"Real estate, renting and business",12208,0.1064066425393079,0.1099006497447279,False,pre,0.148695652173913,0.05,False,9.409846753524238,0.015822205108018822
2019Q2,"Real estate, renting and business",12254,0.1064066425393079,0.1099006497447279,False,pre,0.148695652173913,0.05,False,9.4136076932856,0.015822205108018822
2019Q3,"Real estate, renting and business",12752,0.1064066425393079,0.1099006497447279,False,pre,0.148695652173913,0.05,False,9.453443401029997,0.015822205108018822
2019Q4,"Real estate, renting and business",12119,0.1064066425393079,0.1099006497447279,False,pre,0.148695652173913,0.05,False,9.402529747968487,0.015822205108018822
2020Q1,"Real estate, renting and business",12515,0.1064066425393079,0.1099006497447279,False,pre,0.148695652173913,0.05,False,9.434683203865875,0.015822205108018822
2021Q1,"Real estate, renting and business",11689,0.1064066425393079,0.1099006497447279,False,pre,0.148695652173913,0.05,False,9.366403507607771,0.015822205108018822
2021Q2,"Real estate, renting and business",11774,0.1064066425393079,0.1099006497447279,False,super_deduction,0.247,0.05,False,9.373648989588206,0.026282440707209052
2021Q3,"Real estate, renting and business",12109,0.1064066425393079,0.1099006497447279,False,super_deduction,0.247,0.05,False,9.401704256754366,0.026282440707209052
2021Q4,"Real estate, renting and business",12242,0.1064066425393079,0.1099006497447279,False,super_deduction,0.247,0.05,False,9.412627941411015,0.026282440707209052
2022Q1,"Real estate, renting and business",10547,0.1064066425393079,0.1099006497447279,False,super_deduction,0.247,0.05,False,9.263596738276615,0.026282440707209052
2022Q2,"Real estate, renting and business",14075,0.1064066425393079,0.1099006497447279,False,super_deduction,0.247,0.05,False,9.552155453007892,0.026282440707209052
2022Q3,"Real estate, renting and business",14608,0.1064066425393079,0.1099006497447279,False,super_deduction,0.247,0.05,False,9.58932460283475,0.026282440707209052
2022Q4,"Real estate, renting and business",14165,0.1064066425393079,0.1099006497447279,False,super_deduction,0.247,0.05,False,9.558529412264617,0.026282440707209052
2023Q1,"Real estate, renting and business",16616,0.1064066425393079,0.1099006497447279,False,super_deduction,0.247,0.05,False,9.718121365555948,0.026282440707209052
2023Q2,"Real estate, renting and business",18030,0.1064066425393079,0.1099006497447279,False,full_expensing,0.25,0.05,False,9.799792316197363,0.026601660634826975
2023Q3,"Real estate, renting and business",17585,0.1064066425393079,0.1099006497447279,False,full_expensing,0.25,0.05,False,9.774801544908083,0.026601660634826975
2023Q4,"Real estate, renting and business",18007,0.1064066425393079,0.1099006497447279,False,full_expensing,0.25,0.05,False,9.798515850169505,0.026601660634826975
2024Q1,"Real estate, renting and business",16255,0.1064066425393079,0.1099006497447279,False,full_expensing,0.25,0.05,False,9.696155832738006,0.026601660634826975
2024Q2,"Real estate, renting and business",16769,0.1064066425393079,0.1099006497447279,False,full_expensing,0.25,0.05,False,9.72728722274711,0.026601660634826975
2024Q3,"Real estate, renting and business",16503,0.1064066425393079,0.1099006497447279,False,full_expensing,0.25,0.05,False,9.711297461543568,0.026601660634826975
2024Q4,"Real estate, renting and business",15692,0.1064066425393079,0.1099006497447279,False,full_expensing,0.25,0.05,False,9.660906307329443,0.026601660634826975
2025Q1,"Real estate, renting and business",16307,0.1064066425393079,0.1099006497447279,False,full_expensing,0.25,0.05,False,9.699349742461278,0.026601660634826975
2025Q2,"Real estate, renting and business",16316,0.1064066425393079,0.1099006497447279,False,full_expensing,0.25,0.05,False,9.699901500437448,0.026601660634826975
2025Q3,"Real estate, renting and business",17290,0.1064066425393079,0.1099006497447279,False,full_expensing,0.25,0.05,False,9.757883578677337,0.026601660634826975
2025Q4,"Real estate, renting and business",16624,0.1064066425393079,0.1099006497447279,False,full_expensing,0.25,0.05,False,9.718602713339008,0.026601660634826975
2026Q1,"Real estate, renting and business",17129,0.1064066425393079,0.1099006497447279,False,full_expensing,0.25,0.05,False,9.748528212497986,0.026601660634826975
2015Q1,Solid fuels & oil refining,137,0.3736183323704987,0.4440304943254338,True,pre,0.148695652173913,0.05,False,4.919980925828125,0.055555421595961094
2015Q2,Solid fuels & oil refining,163,0.3736183323704987,0.4440304943254338,True,pre,0.148695652173913,0.05,False,5.093750200806762,0.055555421595961094
2015Q3,Solid fuels & oil refining,142,0.3736183323704987,0.4440304943254338,True,pre,0.148695652173913,0.05,False,4.955827057601261,0.055555421595961094
2015Q4,Solid fuels & oil refining,111,0.3736183323704987,0.4440304943254338,True,pre,0.148695652173913,0.05,False,4.709530201312334,0.055555421595961094
2016Q1,Solid fuels & oil refining,120,0.3736183323704987,0.4440304943254338,True,pre,0.148695652173913,0.05,False,4.787491742782046,0.055555421595961094
2016Q2,Solid fuels & oil refining,118,0.3736183323704987,0.4440304943254338,True,pre,0.148695652173913,0.05,False,4.770684624465665,0.055555421595961094
2016Q3,Solid fuels & oil refining,121,0.3736183323704987,0.4440304943254338,True,pre,0.148695652173913,0.05,False,4.795790545596741,0.055555421595961094
2016Q4,Solid fuels & oil refining,103,0.3736183323704987,0.4440304943254338,True,pre,0.148695652173913,0.05,False,4.634728988229636,0.055555421595961094
2017Q1,Solid fuels & oil refining,174,0.3736183323704987,0.4440304943254338,True,pre,0.148695652173913,0.05,False,5.159055299214529,0.055555421595961094
2017Q2,Solid fuels & oil refining,234,0.3736183323704987,0.4440304943254338,True,pre,0.148695652173913,0.05,False,5.455321115357702,0.055555421595961094
2017Q3,Solid fuels & oil refining,237,0.3736183323704987,0.4440304943254338,True,pre,0.148695652173913,0.05,False,5.4680601411351315,0.055555421595961094
2017Q4,Solid fuels & oil refining,238,0.3736183323704987,0.4440304943254338,True,pre,0.148695652173913,0.05,False,5.472270673671475,0.055555421595961094
2018Q1,Solid fuels & oil refining,263,0.3736183323704987,0.4440304943254338,True,pre,0.148695652173913,0.05,False,5.572154032177765,0.055555421595961094
2018Q2,Solid fuels & oil refining,245,0.3736183323704987,0.4440304943254338,True,pre,0.148695652173913,0.05,False,5.501258210544727,0.055555421595961094
2018Q3,Solid fuels & oil refining,244,0.3736183323704987,0.4440304943254338,True,pre,0.148695652173913,0.05,False,5.497168225293202,0.055555421595961094
2018Q4,Solid fuels & oil refining,252,0.3736183323704987,0.4440304943254338,True,pre,0.148695652173913,0.05,False,5.529429087511423,0.055555421595961094
2019Q1,Solid fuels & oil refining,247,0.3736183323704987,0.4440304943254338,True,pre,0.148695652173913,0.05,False,5.5093883366279774,0.055555421595961094
2019Q2,Solid fuels & oil refining,324,0.3736183323704987,0.4440304943254338,True,pre,0.148695652173913,0.05,False,5.780743515792329,0.055555421595961094
2019Q3,Solid fuels & oil refining,320,0.3736183323704987,0.4440304943254338,True,pre,0.148695652173913,0.05,False,5.768320995793772,0.055555421595961094
2019Q4,Solid fuels & oil refining,306,0.3736183323704987,0.4440304943254338,True,pre,0.148695652173913,0.05,False,5.723585101952381,0.055555421595961094
2020Q1,Solid fuels & oil refining,257,0.3736183323704987,0.4440304943254338,True,pre,0.148695652173913,0.05,False,5.54907608489522,0.055555421595961094
2021Q1,Solid fuels & oil refining,192,0.3736183323704987,0.4440304943254338,True,pre,0.148695652173913,0.05,False,5.2574953720277815,0.055555421595961094
2021Q2,Solid fuels & oil refining,184,0.3736183323704987,0.4440304943254338,True,super_deduction,0.247,0.05,False,5.214935757608986,0.09228372809551318
2021Q3,Solid fuels & oil refining,188,0.3736183323704987,0.4440304943254338,True,super_deduction,0.247,0.05,False,5.236441962829949,0.09228372809551318
2021Q4,Solid fuels & oil refining,229,0.3736183323704987,0.4440304943254338,True,super_deduction,0.247,0.05,False,5.43372200355424,0.09228372809551318
2022Q1,Solid fuels & oil refining,169,0.3736183323704987,0.4440304943254338,True,super_deduction,0.247,0.05,False,5.1298987149230735,0.09228372809551318
2022Q2,Solid fuels & oil refining,219,0.3736183323704987,0.4440304943254338,True,super_deduction,0.247,0.05,False,5.389071729816501,0.09228372809551318
2022Q3,Solid fuels & oil refining,263,0.3736183323704987,0.4440304943254338,True,super_deduction,0.247,0.05,False,5.572154032177765,0.09228372809551318
2022Q4,Solid fuels & oil refining,228,0.3736183323704987,0.4440304943254338,True,super_deduction,0.247,0.05,False,5.429345628954441,0.09228372809551318
2023Q1,Solid fuels & oil refining,275,0.3736183323704987,0.4440304943254338,True,super_deduction,0.247,0.05,False,5.616771097666572,0.09228372809551318
2023Q2,Solid fuels & oil refining,268,0.3736183323704987,0.4440304943254338,True,full_expensing,0.25,0.05,False,5.5909869805108565,0.09340458309262467
2023Q3,Solid fuels & oil refining,214,0.3736183323704987,0.4440304943254338,True,full_expensing,0.25,0.05,False,5.365976015021851,0.09340458309262467
2023Q4,Solid fuels & oil refining,206,0.3736183323704987,0.4440304943254338,True,full_expensing,0.25,0.05,False,5.327876168789581,0.09340458309262467
2024Q1,Solid fuels & oil refining,143,0.3736183323704987,0.4440304943254338,True,full_expensing,0.25,0.05,False,4.962844630259907,0.09340458309262467
2024Q2,Solid fuels & oil refining,197,0.3736183323704987,0.4440304943254338,True,full_expensing,0.25,0.05,False,5.2832037287379885,0.09340458309262467
2024Q3,Solid fuels & oil refining,202,0.3736183323704987,0.4440304943254338,True,full_expensing,0.25,0.05,False,5.308267697401205,0.09340458309262467
2024Q4,Solid fuels & oil refining,153,0.3736183323704987,0.4440304943254338,True,full_expensing,0.25,0.05,False,5.030437921392435,0.09340458309262467
2025Q1,Solid fuels & oil refining,160,0.3736183323704987,0.4440304943254338,True,full_expensing,0.25,0.05,False,5.075173815233827,0.09340458309262467
2025Q2,Solid fuels & oil refining,109,0.3736183323704987,0.4440304943254338,True,full_expensing,0.25,0.05,False,4.6913478822291435,0.09340458309262467
2025Q3,Solid fuels & oil refining,117,0.3736183323704987,0.4440304943254338,True,full_expensing,0.25,0.05,False,4.762173934797756,0.09340458309262467
2025Q4,Solid fuels & oil refining,104,0.3736183323704987,0.4440304943254338,True,full_expensing,0.25,0.05,False,4.6443908991413725,0.09340458309262467
2026Q1,Solid fuels & oil refining,139,0.3736183323704987,0.4440304943254338,True,full_expensing,0.25,0.05,False,4.9344739331306915,0.09340458309262467
2015Q1,"Textiles, clothing, leather and footwear",79,0.4192251179336478,0.4303657893475238,True,pre,0.148695652173913,0.05,False,4.3694478524670215,0.06233695231882935
2015Q2,"Textiles, clothing, leather and footwear",87,0.4192251179336478,0.4303657893475238,True,pre,0.148695652173913,0.05,False,4.465908118654584,0.06233695231882935
2015Q3,"Textiles, clothing, leather and footwear",77,0.4192251179336478,0.4303657893475238,True,pre,0.148695652173913,0.05,False,4.343805421853684,0.06233695231882935
2015Q4,"Textiles, clothing, leather and footwear",59,0.4192251179336478,0.4303657893475238,True,pre,0.148695652173913,0.05,False,4.07753744390572,0.06233695231882935
2016Q1,"Textiles, clothing, leather and footwear",44,0.4192251179336478,0.4303657893475238,True,pre,0.148695652173913,0.05,False,3.784189633918261,0.06233695231882935
2016Q2,"Textiles, clothing, leather and footwear",63,0.4192251179336478,0.4303657893475238,True,pre,0.148695652173913,0.05,False,4.143134726391533,0.06233695231882935
2016Q3,"Textiles, clothing, leather and footwear",71,0.4192251179336478,0.4303657893475238,True,pre,0.148695652173913,0.05,False,4.2626798770413155,0.06233695231882935
2016Q4,"Textiles, clothing, leather and footwear",89,0.4192251179336478,0.4303657893475238,True,pre,0.148695652173913,0.05,False,4.48863636973214,0.06233695231882935
2017Q1,"Textiles, clothing, leather and footwear",120,0.4192251179336478,0.4303657893475238,True,pre,0.148695652173913,0.05,False,4.787491742782046,0.06233695231882935
2017Q2,"Textiles, clothing, leather and footwear",114,0.4192251179336478,0.4303657893475238,True,pre,0.148695652173913,0.05,False,4.736198448394496,0.06233695231882935
2017Q3,"Textiles, clothing, leather and footwear",114,0.4192251179336478,0.4303657893475238,True,pre,0.148695652173913,0.05,False,4.736198448394496,0.06233695231882935
2017Q4,"Textiles, clothing, leather and footwear",100,0.4192251179336478,0.4303657893475238,True,pre,0.148695652173913,0.05,False,4.605170185988092,0.06233695231882935
2018Q1,"Textiles, clothing, leather and footwear",122,0.4192251179336478,0.4303657893475238,True,pre,0.148695652173913,0.05,False,4.804021044733257,0.06233695231882935
2018Q2,"Textiles, clothing, leather and footwear",82,0.4192251179336478,0.4303657893475238,True,pre,0.148695652173913,0.05,False,4.406719247264253,0.06233695231882935
2018Q3,"Textiles, clothing, leather and footwear",130,0.4192251179336478,0.4303657893475238,True,pre,0.148695652173913,0.05,False,4.867534450455582,0.06233695231882935
2018Q4,"Textiles, clothing, leather and footwear",99,0.4192251179336478,0.4303657893475238,True,pre,0.148695652173913,0.05,False,4.59511985013459,0.06233695231882935
2019Q1,"Textiles, clothing, leather and footwear",83,0.4192251179336478,0.4303657893475238,True,pre,0.148695652173913,0.05,False,4.418840607796598,0.06233695231882935
2019Q2,"Textiles, clothing, leather and footwear",90,0.4192251179336478,0.4303657893475238,True,pre,0.148695652173913,0.05,False,4.499809670330265,0.06233695231882935
2019Q3,"Textiles, clothing, leather and footwear",127,0.4192251179336478,0.4303657893475238,True,pre,0.148695652173913,0.05,False,4.844187086458591,0.06233695231882935
2019Q4,"Textiles, clothing, leather and footwear",128,0.4192251179336478,0.4303657893475238,True,pre,0.148695652173913,0.05,False,4.852030263919617,0.06233695231882935
2020Q1,"Textiles, clothing, leather and footwear",108,0.4192251179336478,0.4303657893475238,True,pre,0.148695652173913,0.05,False,4.68213122712422,0.06233695231882935
2021Q1,"Textiles, clothing, leather and footwear",95,0.4192251179336478,0.4303657893475238,True,pre,0.148695652173913,0.05,False,4.553876891600541,0.06233695231882935
2021Q2,"Textiles, clothing, leather and footwear",110,0.4192251179336478,0.4303657893475238,True,super_deduction,0.247,0.05,False,4.700480365792417,0.103548604129611
2021Q3,"Textiles, clothing, leather and footwear",103,0.4192251179336478,0.4303657893475238,True,super_deduction,0.247,0.05,False,4.634728988229636,0.103548604129611
2021Q4,"Textiles, clothing, leather and footwear",144,0.4192251179336478,0.4303657893475238,True,super_deduction,0.247,0.05,False,4.969813299576001,0.103548604129611
2022Q1,"Textiles, clothing, leather and footwear",113,0.4192251179336478,0.4303657893475238,True,super_deduction,0.247,0.05,False,4.727387818712341,0.103548604129611
2022Q2,"Textiles, clothing, leather and footwear",98,0.4192251179336478,0.4303657893475238,True,super_deduction,0.247,0.05,False,4.584967478670572,0.103548604129611
2022Q3,"Textiles, clothing, leather and footwear",118,0.4192251179336478,0.4303657893475238,True,super_deduction,0.247,0.05,False,4.770684624465665,0.103548604129611
2022Q4,"Textiles, clothing, leather and footwear",95,0.4192251179336478,0.4303657893475238,True,super_deduction,0.247,0.05,False,4.553876891600541,0.103548604129611
2023Q1,"Textiles, clothing, leather and footwear",92,0.4192251179336478,0.4303657893475238,True,super_deduction,0.247,0.05,False,4.5217885770490405,0.103548604129611
2023Q2,"Textiles, clothing, leather and footwear",57,0.4192251179336478,0.4303657893475238,True,full_expensing,0.25,0.05,False,4.04305126783455,0.10480627948341195
2023Q3,"Textiles, clothing, leather and footwear",68,0.4192251179336478,0.4303657893475238,True,full_expensing,0.25,0.05,False,4.219507705176107,0.10480627948341195
2023Q4,"Textiles, clothing, leather and footwear",58,0.4192251179336478,0.4303657893475238,True,full_expensing,0.25,0.05,False,4.060443010546419,0.10480627948341195
2024Q1,"Textiles, clothing, leather and footwear",57,0.4192251179336478,0.4303657893475238,True,full_expensing,0.25,0.05,False,4.04305126783455,0.10480627948341195
2024Q2,"Textiles, clothing, leather and footwear",91,0.4192251179336478,0.4303657893475238,True,full_expensing,0.25,0.05,False,4.51085950651685,0.10480627948341195
2024Q3,"Textiles, clothing, leather and footwear",63,0.4192251179336478,0.4303657893475238,True,full_expensing,0.25,0.05,False,4.143134726391533,0.10480627948341195
2024Q4,"Textiles, clothing, leather and footwear",107,0.4192251179336478,0.4303657893475238,True,full_expensing,0.25,0.05,False,4.672828834461906,0.10480627948341195
2025Q1,"Textiles, clothing, leather and footwear",100,0.4192251179336478,0.4303657893475238,True,full_expensing,0.25,0.05,False,4.605170185988092,0.10480627948341195
2025Q2,"Textiles, clothing, leather and footwear",77,0.4192251179336478,0.4303657893475238,True,full_expensing,0.25,0.05,False,4.343805421853684,0.10480627948341195
2025Q3,"Textiles, clothing, leather and footwear",51,0.4192251179336478,0.4303657893475238,True,full_expensing,0.25,0.05,False,3.9318256327243257,0.10480627948341195
2025Q4,"Textiles, clothing, leather and footwear",48,0.4192251179336478,0.4303657893475238,True,full_expensing,0.25,0.05,False,3.871201010907891,0.10480627948341195
2026Q1,"Textiles, clothing, leather and footwear",46,0.4192251179336478,0.4303657893475238,True,full_expensing,0.25,0.05,False,3.828641396489095,0.10480627948341195
2015Q1,Transportation and storage,7373,0.0514198652130407,0.0623115648721311,False,pre,0.148695652173913,0.05,False,8.90557995798965,0.007645910392547789
2015Q2,Transportation and storage,3600,0.0514198652130407,0.0623115648721311,False,pre,0.148695652173913,0.05,False,8.1886891244442,0.007645910392547789
2015Q3,Transportation and storage,3575,0.0514198652130407,0.0623115648721311,False,pre,0.148695652173913,0.05,False,8.181720455128108,0.007645910392547789
2015Q4,Transportation and storage,5563,0.0514198652130407,0.0623115648721311,False,pre,0.148695652173913,0.05,False,8.623892810075294,0.007645910392547789
2016Q1,Transportation and storage,6226,0.0514198652130407,0.0623115648721311,False,pre,0.148695652173913,0.05,False,8.736489351001554,0.007645910392547789
2016Q2,Transportation and storage,5317,0.0514198652130407,0.0623115648721311,False,pre,0.148695652173913,0.05,False,8.57866451350434,0.007645910392547789
2016Q3,Transportation and storage,5713,0.0514198652130407,0.0623115648721311,False,pre,0.148695652173913,0.05,False,8.650499558724462,0.007645910392547789
2016Q4,Transportation and storage,3905,0.0514198652130407,0.0623115648721311,False,pre,0.148695652173913,0.05,False,8.270013062273787,0.007645910392547789
2017Q1,Transportation and storage,3814,0.0514198652130407,0.0623115648721311,False,pre,0.148695652173913,0.05,False,8.246433786160365,0.007645910392547789
2017Q2,Transportation and storage,5566,0.0514198652130407,0.0623115648721311,False,pre,0.148695652173913,0.05,False,8.624431942085836,0.007645910392547789
2017Q3,Transportation and storage,4685,0.0514198652130407,0.0623115648721311,False,pre,0.148695652173913,0.05,False,8.452121194672523,0.007645910392547789
2017Q4,Transportation and storage,6958,0.0514198652130407,0.0623115648721311,False,pre,0.148695652173913,0.05,False,8.847647355711887,0.007645910392547789
2018Q1,Transportation and storage,2968,0.0514198652130407,0.0623115648721311,False,pre,0.148695652173913,0.05,False,7.995643604287271,0.007645910392547789
2018Q2,Transportation and storage,1759,0.0514198652130407,0.0623115648721311,False,pre,0.148695652173913,0.05,False,7.472500744737558,0.007645910392547789
2018Q3,Transportation and storage,4308,0.0514198652130407,0.0623115648721311,False,pre,0.148695652173913,0.05,False,8.36822903827628,0.007645910392547789
2018Q4,Transportation and storage,5547,0.0514198652130407,0.0623115648721311,False,pre,0.148695652173913,0.05,False,8.621012520055235,0.007645910392547789
2019Q1,Transportation and storage,4276,0.0514198652130407,0.0623115648721311,False,pre,0.148695652173913,0.05,False,8.360773272144936,0.007645910392547789
2019Q2,Transportation and storage,5751,0.0514198652130407,0.0623115648721311,False,pre,0.148695652173913,0.05,False,8.657129031713755,0.007645910392547789
2019Q3,Transportation and storage,3663,0.0514198652130407,0.0623115648721311,False,pre,0.148695652173913,0.05,False,8.206037762778815,0.007645910392547789
2019Q4,Transportation and storage,3370,0.0514198652130407,0.0623115648721311,False,pre,0.148695652173913,0.05,False,8.122668023346407,0.007645910392547789
2020Q1,Transportation and storage,3060,0.0514198652130407,0.0623115648721311,False,pre,0.148695652173913,0.05,False,8.026170194946426,0.007645910392547789
2021Q1,Transportation and storage,1499,0.0514198652130407,0.0623115648721311,False,pre,0.148695652173913,0.05,False,7.312553498102598,0.007645910392547789
2021Q2,Transportation and storage,2616,0.0514198652130407,0.0623115648721311,False,super_deduction,0.247,0.05,False,7.86940171257709,0.012700706707621053
2021Q3,Transportation and storage,3176,0.0514198652130407,0.0623115648721311,False,super_deduction,0.247,0.05,False,8.063377822367027,0.012700706707621053
2021Q4,Transportation and storage,5359,0.0514198652130407,0.0623115648721311,False,super_deduction,0.247,0.05,False,8.58653266949485,0.012700706707621053
2022Q1,Transportation and storage,3097,0.0514198652130407,0.0623115648721311,False,super_deduction,0.247,0.05,False,8.038189179973203,0.012700706707621053
2022Q2,Transportation and storage,3389,0.0514198652130407,0.0623115648721311,False,super_deduction,0.247,0.05,False,8.128290171607052,0.012700706707621053
2022Q3,Transportation and storage,3593,0.0514198652130407,0.0623115648721311,False,super_deduction,0.247,0.05,False,8.186742787113518,0.012700706707621053
2022Q4,Transportation and storage,6669,0.0514198652130407,0.0623115648721311,False,super_deduction,0.247,0.05,False,8.805225202632306,0.012700706707621053
2023Q1,Transportation and storage,2701,0.0514198652130407,0.0623115648721311,False,super_deduction,0.247,0.05,False,7.901377353792616,0.012700706707621053
2023Q2,Transportation and storage,3809,0.0514198652130407,0.0623115648721311,False,full_expensing,0.25,0.05,False,8.245121966478605,0.012854966303260175
2023Q3,Transportation and storage,3422,0.0514198652130407,0.0623115648721311,False,full_expensing,0.25,0.05,False,8.137980454452139,0.012854966303260175
2023Q4,Transportation and storage,4448,0.0514198652130407,0.0623115648721311,False,full_expensing,0.25,0.05,False,8.400209835930418,0.012854966303260175
2024Q1,Transportation and storage,3542,0.0514198652130407,0.0623115648721311,False,full_expensing,0.25,0.05,False,8.17244681834278,0.012854966303260175
2024Q2,Transportation and storage,3996,0.0514198652130407,0.0623115648721311,False,full_expensing,0.25,0.05,False,8.293049139768444,0.012854966303260175
2024Q3,Transportation and storage,3842,0.0514198652130407,0.0623115648721311,False,full_expensing,0.25,0.05,False,8.253748343328501,0.012854966303260175
2024Q4,Transportation and storage,4559,0.0514198652130407,0.0623115648721311,False,full_expensing,0.25,0.05,False,8.424858580213442,0.012854966303260175
2025Q1,Transportation and storage,3961,0.0514198652130407,0.0623115648721311,False,full_expensing,0.25,0.05,False,8.284251797621916,0.012854966303260175
2025Q2,Transportation and storage,4074,0.0514198652130407,0.0623115648721311,False,full_expensing,0.25,0.05,False,8.31238059678675,0.012854966303260175
2025Q3,Transportation and storage,4047,0.0514198652130407,0.0623115648721311,False,full_expensing,0.25,0.05,False,8.305731144875866,0.012854966303260175
2025Q4,Transportation and storage,3741,0.0514198652130407,0.0623115648721311,False,full_expensing,0.25,0.05,False,8.227108234348146,0.012854966303260175
2026Q1,Transportation and storage,4225,0.0514198652130407,0.0623115648721311,False,full_expensing,0.25,0.05,False,8.348774539791274,0.012854966303260175
